employee_id,age,gender,education_level,department,years_experience,training_hours,last_performance_rating,avg_monthly_hours,salary_level,promotion_last_5years,work_life_balance,overtime,performance_score,performance_category
1001,50,Male,High School,Marketing,21,62,5,269,Low,0,3,No,100.0,High Performer
1002,36,Female,Master,Marketing,8,46,2,200,Low,1,3,Yes,63.7,Solid Performer
1003,29,Male,Bachelor,HR,22,18,1,227,High,0,4,No,90.8,High Performer
1004,42,Female,High School,Sales,12,24,4,207,Medium,0,3,Yes,77.1,High Performer
1005,40,Other,Bachelor,IT,22,12,4,266,Low,0,2,No,91.8,High Performer
1006,44,Female,High School,Finance,17,102,2,161,Low,0,3,No,100.0,High Performer
1007,32,Male,Bachelor,HR,10,79,5,221,High,0,3,No,100.0,High Performer
1008,32,Female,Bachelor,Finance,14,26,4,268,Medium,0,2,No,80.1,High Performer
1009,45,Female,Bachelor,Finance,24,35,4,169,Medium,0,4,No,100.0,High Performer
1010,57,Male,Bachelor,Operations,24,30,5,265,Medium,1,3,Yes,100.0,High Performer
1011,45,Female,Bachelor,Operations,21,81,1,236,Medium,0,4,No,100.0,High Performer
1012,24,Male,Master,Operations,18,30,4,163,High,0,3,No,83.7,High Performer
1013,43,Female,High School,HR,0,20,3,153,Low,0,3,No,49.7,Needs Improvement
1014,23,Male,Master,Finance,3,47,4,175,Medium,0,3,No,74.8,High Performer
1015,45,Male,Master,Sales,13,81,1,163,High,0,3,No,80.9,High Performer
1016,51,Male,Bachelor,IT,13,115,1,234,Low,0,3,Yes,87.6,High Performer
1017,59,Female,Bachelor,Operations,2,97,2,194,Medium,1,4,No,88.7,High Performer
1018,23,Male,Master,Operations,16,44,3,163,Medium,0,3,Yes,87.3,High Performer
1019,42,Female,High School,Finance,2,23,1,165,Medium,0,4,No,44.1,Needs Improvement
1020,54,Male,High School,Finance,15,23,5,219,Medium,1,4,No,100.0,High Performer
1021,33,Male,Bachelor,HR,13,19,3,204,Medium,0,4,Yes,74.7,High Performer
1022,43,Female,Master,HR,19,21,3,214,Medium,0,3,No,91.7,High Performer
1023,46,Female,High School,Operations,12,47,5,182,Medium,0,3,No,98.3,High Performer
1024,48,Male,Bachelor,Finance,14,117,4,168,Medium,0,2,No,100.0,High Performer
1025,49,Female,PhD,Sales,13,119,5,220,Low,0,3,Yes,100.0,High Performer
1026,37,Female,Master,IT,23,43,5,193,Medium,0,2,Yes,100.0,High Performer
1027,36,Female,Bachelor,Finance,24,50,4,178,High,0,2,No,100.0,High Performer
1028,24,Male,High School,Finance,18,19,4,181,Medium,0,2,Yes,90.4,High Performer
1029,58,Male,Master,Marketing,5,26,4,168,Medium,0,4,No,86.1,High Performer
1030,28,Female,Bachelor,HR,9,26,4,181,Medium,0,4,No,76.7,High Performer
1031,42,Male,High School,IT,14,76,4,233,High,1,3,Yes,100.0,High Performer
1032,30,Female,High School,Operations,20,71,5,171,High,0,3,No,100.0,High Performer
1033,39,Female,Master,Finance,21,104,2,165,Low,0,3,No,100.0,High Performer
1034,25,Female,Bachelor,Operations,19,10,2,254,Medium,0,3,No,65.4,Solid Performer
1035,46,Female,Master,Finance,5,21,1,268,Medium,0,3,Yes,43.5,Needs Improvement
1036,35,Other,Master,Operations,22,112,2,195,Medium,0,2,No,100.0,High Performer
1037,30,Male,Bachelor,IT,24,13,2,261,Low,0,2,Yes,71.0,High Performer
1038,47,Female,Bachelor,HR,9,51,5,245,High,0,3,No,99.0,High Performer
1039,23,Male,Bachelor,IT,6,22,4,269,Low,0,3,Yes,63.1,Solid Performer
1040,41,Male,Bachelor,Marketing,21,107,4,220,Medium,0,3,No,100.0,High Performer
1041,49,Female,Bachelor,Sales,16,115,5,259,Medium,0,4,No,100.0,High Performer
1042,28,Female,Master,HR,17,94,2,191,Low,0,1,No,97.0,High Performer
1043,29,Other,Bachelor,IT,16,95,5,230,High,0,2,No,100.0,High Performer
1044,56,Female,Master,Marketing,8,13,1,161,High,0,3,Yes,41.9,Needs Improvement
1045,35,Male,Bachelor,Sales,9,91,4,173,Medium,0,1,No,92.0,High Performer
1046,38,Male,Bachelor,Marketing,9,78,3,249,Medium,1,2,Yes,87.1,High Performer
1047,57,Female,Bachelor,Finance,24,28,1,188,Low,0,2,Yes,68.5,Solid Performer
1048,25,Male,Bachelor,Finance,6,11,1,268,Medium,0,3,Yes,50.4,Needs Improvement
1049,23,Male,Master,Operations,15,21,5,212,Low,0,2,No,86.5,High Performer
1050,27,Male,Bachelor,HR,17,90,2,223,Medium,0,3,No,99.9,High Performer
1051,25,Male,Bachelor,Finance,5,83,4,192,High,0,3,No,95.7,High Performer
1052,50,Male,High School,Marketing,19,107,3,239,Low,0,1,No,100.0,High Performer
1053,39,Male,Bachelor,HR,0,15,1,263,High,0,4,Yes,40.8,Needs Improvement
1054,47,Male,Bachelor,Finance,0,17,3,184,Low,0,1,No,32.6,Needs Improvement
1055,55,Male,Bachelor,Operations,11,60,2,244,High,1,4,Yes,92.3,High Performer
1056,31,Other,PhD,IT,20,20,2,245,Low,1,4,No,85.3,High Performer
1057,57,Male,Bachelor,Operations,1,72,3,182,Medium,0,2,Yes,72.7,High Performer
1058,35,Male,Master,Sales,3,66,4,187,Low,0,4,Yes,61.9,Solid Performer
1059,52,Female,Bachelor,Finance,16,21,2,265,High,0,4,No,82.6,High Performer
1060,36,Male,Bachelor,Sales,3,82,3,146,Medium,1,4,No,85.9,High Performer
1061,29,Female,High School,Sales,10,11,1,155,Low,0,3,No,35.8,Needs Improvement
1062,35,Female,Bachelor,Marketing,21,17,3,268,Medium,0,2,Yes,82.0,High Performer
1063,44,Male,Bachelor,HR,3,20,3,254,Medium,1,4,Yes,71.5,High Performer
1064,42,Male,Bachelor,Marketing,0,62,5,176,Medium,0,2,No,90.5,High Performer
1065,37,Female,High School,Finance,6,109,2,264,High,0,2,No,97.4,High Performer
1066,39,Female,High School,Sales,17,19,4,220,Medium,0,2,Yes,80.1,High Performer
1067,45,Male,Bachelor,IT,8,94,4,201,Low,1,2,No,100.0,High Performer
1068,47,Female,PhD,Sales,2,93,5,211,Low,0,3,Yes,93.8,High Performer
1069,46,Male,Bachelor,IT,7,17,4,264,Medium,0,3,Yes,67.7,Solid Performer
1070,50,Other,Bachelor,Marketing,23,45,3,205,Medium,0,4,Yes,95.1,High Performer
1071,36,Male,High School,Marketing,18,102,5,169,Medium,0,1,No,100.0,High Performer
1072,22,Female,Bachelor,HR,3,115,1,159,Low,0,4,No,66.7,Solid Performer
1073,46,Female,Bachelor,Sales,17,85,2,221,Medium,0,4,Yes,94.3,High Performer
1074,28,Female,Bachelor,Operations,19,23,2,246,High,1,1,No,86.4,High Performer
1075,30,Female,Bachelor,Marketing,10,63,2,176,Low,0,2,No,73.6,High Performer
1076,45,Male,High School,Marketing,13,94,3,216,Medium,1,4,Yes,100.0,High Performer
1077,22,Male,High School,HR,24,95,1,228,Medium,0,3,No,100.0,High Performer
1078,29,Male,Bachelor,IT,17,30,5,227,Medium,0,4,Yes,100.0,High Performer
1079,45,Male,High School,HR,15,117,5,172,Medium,0,3,No,100.0,High Performer
1080,32,Female,High School,Sales,2,59,2,197,Medium,0,3,No,57.6,Solid Performer
1081,38,Male,Bachelor,Finance,14,103,1,167,High,0,1,Yes,93.2,High Performer
1082,29,Male,Master,Finance,3,48,1,174,Low,0,3,Yes,45.8,Needs Improvement
1083,56,Other,Bachelor,IT,4,29,1,264,Medium,0,1,No,43.4,Needs Improvement
1084,56,Female,Bachelor,Marketing,16,97,4,204,Low,0,3,No,100.0,High Performer
1085,54,Female,Bachelor,IT,6,96,4,181,Medium,1,4,No,100.0,High Performer
1086,26,Other,Master,Marketing,15,16,2,224,Medium,0,3,Yes,60.2,Solid Performer
1087,49,Male,Bachelor,Marketing,13,18,1,250,Medium,0,4,Yes,65.5,Solid Performer
1088,28,Male,High School,Finance,15,10,1,154,Low,0,3,Yes,42.7,Needs Improvement
1089,30,Female,Bachelor,IT,6,35,5,208,Medium,0,3,Yes,81.3,High Performer
1090,29,Female,High School,HR,8,47,5,244,Medium,0,3,No,90.5,High Performer
1091,33,Male,Bachelor,Marketing,3,47,2,203,Medium,0,4,No,67.1,Solid Performer
1092,55,Female,Bachelor,Operations,21,70,1,180,Medium,0,3,No,93.0,High Performer
1093,54,Male,Master,Operations,10,53,2,210,Medium,1,2,Yes,68.5,Solid Performer
1094,44,Male,Bachelor,HR,1,95,5,195,High,0,4,No,100.0,High Performer
1095,45,Female,Master,Operations,11,53,5,164,Medium,0,3,No,87.9,High Performer
1096,58,Female,PhD,Sales,11,83,4,244,Medium,0,1,No,100.0,High Performer
1097,56,Female,High School,Marketing,3,71,2,258,High,0,3,No,82.4,High Performer
1098,43,Male,Bachelor,HR,17,15,2,148,Low,0,4,No,59.2,Solid Performer
1099,48,Female,Bachelor,IT,20,26,1,199,Low,0,3,No,62.8,Solid Performer
1100,56,Male,Bachelor,Marketing,6,60,1,264,Medium,1,2,Yes,62.6,Solid Performer
1101,22,Male,Bachelor,HR,0,47,4,188,Medium,0,4,Yes,69.1,Solid Performer
1102,56,Female,Master,Finance,22,33,3,190,High,0,4,No,97.0,High Performer
1103,58,Female,Master,IT,12,60,3,209,High,1,3,No,90.9,High Performer
1104,35,Female,Bachelor,Finance,5,19,3,176,Medium,0,2,Yes,55.1,Solid Performer
1105,24,Female,Bachelor,Marketing,5,81,2,170,Medium,0,2,No,80.4,High Performer
1106,22,Female,Master,IT,11,30,2,201,Medium,0,3,No,67.5,Solid Performer
1107,26,Female,PhD,Operations,7,79,5,232,Medium,0,4,No,100.0,High Performer
1108,47,Male,Master,HR,23,94,2,153,Medium,0,2,Yes,97.2,High Performer
1109,35,Male,High School,Marketing,21,66,2,218,Medium,0,2,No,87.6,High Performer
1110,48,Male,Bachelor,Sales,18,48,2,147,Medium,0,1,No,72.3,High Performer
1111,30,Male,High School,IT,4,97,4,175,Low,0,3,Yes,90.3,High Performer
1112,36,Female,Bachelor,IT,17,42,2,187,Medium,1,1,Yes,63.9,Solid Performer
1113,36,Female,High School,Marketing,4,68,1,224,Low,0,1,No,52.3,Needs Improvement
1114,47,Male,Bachelor,Marketing,24,27,1,167,High,0,1,No,76.9,High Performer
1115,34,Male,Bachelor,Finance,9,65,5,190,Low,0,3,No,93.8,High Performer
1116,53,Female,High School,Operations,0,101,4,243,High,0,3,No,100.0,High Performer
1117,53,Male,Bachelor,Finance,9,66,1,240,Medium,0,2,Yes,64.3,Solid Performer
1118,25,Female,Bachelor,Finance,4,105,4,168,Medium,0,4,No,96.1,High Performer
1119,51,Female,Bachelor,Operations,11,85,4,266,Medium,0,2,Yes,94.0,High Performer
1120,58,Female,High School,Sales,21,57,5,221,Medium,0,2,Yes,100.0,High Performer
1121,44,Female,Bachelor,Finance,6,51,4,149,Medium,0,4,Yes,83.6,High Performer
1122,36,Female,Master,Finance,8,36,2,245,Medium,0,3,Yes,78.5,High Performer
1123,50,Male,High School,IT,21,83,4,140,Medium,0,3,No,100.0,High Performer
1124,57,Female,High School,Operations,20,119,5,178,Medium,0,1,No,100.0,High Performer
1125,34,Female,Bachelor,HR,11,61,5,160,Medium,0,4,No,100.0,High Performer
1126,53,Male,Master,Sales,22,51,5,204,Low,0,3,Yes,100.0,High Performer
1127,28,Female,Bachelor,Sales,0,41,1,154,Medium,0,4,No,50.0,Needs Improvement
1128,43,Female,Bachelor,Operations,10,115,2,200,High,0,2,No,100.0,High Performer
1129,49,Female,Bachelor,Marketing,20,35,1,226,Low,1,3,No,80.5,High Performer
1130,23,Female,Bachelor,Marketing,14,34,3,244,Medium,1,4,No,96.9,High Performer
1131,27,Female,High School,IT,1,84,2,173,Medium,1,4,Yes,79.3,High Performer
1132,49,Female,Bachelor,IT,19,32,4,263,Medium,0,1,Yes,95.5,High Performer
1133,49,Female,Master,Operations,6,107,5,249,Low,0,4,Yes,92.6,High Performer
1134,41,Female,Bachelor,IT,20,66,3,172,Medium,0,2,No,98.5,High Performer
1135,51,Female,Master,Sales,11,61,2,237,Low,1,3,No,74.7,High Performer
1136,32,Female,Master,Sales,21,113,1,200,Low,0,2,Yes,98.5,High Performer
1137,49,Female,High School,HR,17,96,5,149,Medium,0,3,Yes,100.0,High Performer
1138,46,Male,Master,Marketing,2,102,1,223,Medium,0,2,Yes,72.6,High Performer
1139,54,Female,High School,Operations,6,40,2,204,High,0,2,No,60.0,Solid Performer
1140,22,Female,Bachelor,Finance,10,73,2,216,Low,0,1,Yes,60.3,Solid Performer
1141,48,Male,High School,Marketing,17,80,3,140,Medium,0,1,Yes,90.7,High Performer
1142,34,Female,High School,Finance,11,113,4,219,Low,0,4,Yes,100.0,High Performer
1143,24,Male,Bachelor,HR,5,42,1,154,Medium,0,4,No,64.7,Solid Performer
1144,27,Male,Bachelor,HR,4,94,3,167,High,0,4,No,99.6,High Performer
1145,29,Female,Bachelor,IT,0,11,5,162,High,0,2,No,62.6,Solid Performer
1146,48,Male,Bachelor,HR,11,27,4,248,Low,1,3,Yes,85.2,High Performer
1147,30,Female,High School,HR,10,56,3,246,Medium,0,3,No,81.4,High Performer
1148,58,Female,High School,Finance,3,42,1,252,Medium,0,4,Yes,49.6,Needs Improvement
1149,54,Female,Bachelor,IT,17,110,2,237,Low,0,3,Yes,100.0,High Performer
1150,45,Male,Bachelor,HR,3,107,5,167,Low,0,4,No,100.0,High Performer
1151,36,Male,Master,Marketing,16,93,1,181,High,0,4,Yes,90.3,High Performer
1152,53,Female,Bachelor,HR,1,44,4,238,High,0,4,No,78.9,High Performer
1153,53,Other,Master,IT,23,60,4,200,High,0,2,Yes,100.0,High Performer
1154,45,Female,Bachelor,Operations,21,27,2,262,Medium,0,1,Yes,70.2,High Performer
1155,33,Male,Bachelor,IT,1,119,2,203,Medium,0,3,No,91.0,High Performer
1156,23,Female,Bachelor,Finance,11,97,5,170,Medium,0,3,No,100.0,High Performer
1157,24,Female,Bachelor,Operations,5,81,5,220,Low,0,2,No,87.4,High Performer
1158,58,Female,Bachelor,Marketing,9,39,2,149,Low,0,2,No,66.2,Solid Performer
1159,38,Male,Master,Sales,24,53,2,147,Medium,0,4,No,97.5,High Performer
1160,23,Female,Bachelor,IT,22,62,4,198,Medium,0,3,No,100.0,High Performer
1161,23,Female,Master,Finance,24,19,2,169,High,0,2,No,83.3,High Performer
1162,49,Other,Master,Marketing,20,96,3,159,High,0,3,Yes,100.0,High Performer
1163,44,Male,Master,Operations,22,61,1,187,High,0,3,Yes,91.8,High Performer
1164,58,Female,Master,Marketing,15,58,2,269,High,0,4,No,90.6,High Performer
1165,53,Female,Bachelor,IT,13,20,5,176,Low,0,2,Yes,71.9,High Performer
1166,54,Male,Bachelor,HR,6,75,3,268,Medium,0,3,Yes,73.7,High Performer
1167,22,Female,Bachelor,IT,18,67,5,239,Medium,0,3,Yes,100.0,High Performer
1168,40,Female,Bachelor,Sales,22,99,3,193,Low,1,1,Yes,100.0,High Performer
1169,23,Male,Bachelor,IT,16,45,2,261,High,0,4,Yes,81.9,High Performer
1170,47,Male,Master,Operations,8,42,1,164,High,0,2,Yes,41.0,Needs Improvement
1171,53,Female,Bachelor,Operations,12,56,5,148,Low,0,2,Yes,90.3,High Performer
1172,27,Male,Bachelor,IT,21,22,3,173,Low,0,3,Yes,81.7,High Performer
1173,53,Female,High School,Operations,4,49,4,182,Medium,0,2,No,75.3,High Performer
1174,25,Male,Bachelor,HR,22,98,2,213,Medium,0,2,Yes,95.9,High Performer
1175,32,Female,High School,Marketing,4,77,1,233,High,0,4,No,83.6,High Performer
1176,38,Male,Master,IT,9,51,2,161,Low,0,1,No,57.3,Solid Performer
1177,59,Female,Bachelor,HR,20,28,4,209,Low,0,4,No,89.7,High Performer
1178,45,Other,High School,Marketing,9,91,1,269,Low,0,3,No,77.5,High Performer
1179,26,Other,High School,Marketing,6,110,4,233,Low,0,2,Yes,92.7,High Performer
1180,55,Female,Bachelor,HR,14,103,2,171,Low,0,1,Yes,67.2,Solid Performer
1181,27,Male,Bachelor,Finance,6,28,3,245,High,0,3,No,73.0,High Performer
1182,43,Female,Bachelor,IT,14,67,2,140,Medium,0,3,Yes,78.5,High Performer
1183,32,Male,High School,Marketing,2,32,2,211,Medium,0,1,No,45.9,Needs Improvement
1184,37,Male,Bachelor,Marketing,18,63,2,189,Low,1,2,No,79.0,High Performer
1185,54,Male,Bachelor,Operations,9,89,5,154,Low,0,4,Yes,91.6,High Performer
1186,30,Female,Bachelor,Marketing,14,74,4,192,High,0,1,No,100.0,High Performer
1187,27,Female,Bachelor,HR,2,21,4,147,Medium,0,4,No,69.1,Solid Performer
1188,37,Female,Bachelor,Marketing,5,33,4,213,Medium,0,3,Yes,67.7,Solid Performer
1189,50,Male,Bachelor,Finance,11,43,5,185,Medium,0,3,Yes,91.5,High Performer
1190,24,Male,PhD,IT,14,62,3,208,Medium,0,2,No,85.5,High Performer
1191,41,Other,Bachelor,IT,5,17,2,253,Medium,0,1,No,44.9,Needs Improvement
1192,57,Male,Bachelor,Marketing,12,27,3,262,Medium,1,4,Yes,83.4,High Performer
1193,40,Male,High School,Sales,18,66,5,256,High,0,1,Yes,100.0,High Performer
1194,47,Male,Bachelor,Sales,2,14,4,182,Low,0,2,No,63.6,Solid Performer
1195,24,Female,High School,HR,7,35,2,159,Medium,1,3,No,57.5,Solid Performer
1196,40,Female,Bachelor,Sales,7,39,1,160,Low,0,2,No,47.9,Needs Improvement
1197,41,Male,PhD,HR,22,63,1,221,Medium,0,3,No,90.6,High Performer
1198,53,Male,Bachelor,Operations,19,22,3,196,High,0,4,Yes,88.7,High Performer
1199,28,Female,High School,HR,14,92,4,213,Medium,0,3,No,100.0,High Performer
1200,54,Female,High School,Sales,3,38,1,237,Medium,0,4,No,39.7,Needs Improvement
1201,39,Male,Bachelor,Marketing,18,12,3,249,High,0,4,No,92.2,High Performer
1202,22,Female,High School,Operations,20,99,5,254,Medium,0,2,Yes,100.0,High Performer
1203,32,Male,High School,Sales,2,113,3,181,Low,0,2,Yes,79.5,High Performer
1204,49,Male,Master,HR,12,67,3,207,Low,0,3,No,84.8,High Performer
1205,46,Female,Bachelor,Finance,7,85,3,209,Medium,0,3,Yes,83.5,High Performer
1206,44,Male,Bachelor,IT,22,11,2,217,Medium,0,2,No,69.3,Solid Performer
1207,52,Female,Master,Sales,15,84,3,229,Medium,1,4,Yes,100.0,High Performer
1208,51,Male,High School,HR,12,117,3,250,Medium,0,3,Yes,100.0,High Performer
1209,56,Male,PhD,Operations,2,37,2,251,High,1,2,Yes,64.0,Solid Performer
1210,28,Other,Bachelor,Sales,15,91,2,242,Low,0,3,No,97.7,High Performer
1211,37,Male,Master,Sales,8,86,5,158,Medium,0,2,No,97.4,High Performer
1212,47,Female,Bachelor,IT,13,110,4,209,Low,0,4,No,100.0,High Performer
1213,23,Male,Master,HR,12,95,1,202,High,0,3,No,93.3,High Performer
1214,22,Male,PhD,Finance,20,85,1,214,Low,1,1,Yes,73.5,High Performer
1215,33,Male,Bachelor,Operations,24,11,3,243,Medium,0,2,Yes,80.3,High Performer
1216,26,Female,PhD,HR,6,110,5,214,Low,0,4,No,100.0,High Performer
1217,58,Male,Bachelor,Operations,14,16,3,267,Medium,0,3,No,83.0,High Performer
1218,53,Female,Bachelor,Sales,6,35,1,195,High,0,4,No,63.4,Solid Performer
1219,30,Male,Bachelor,IT,5,99,2,161,Medium,0,1,No,71.1,High Performer
1220,56,Other,Bachelor,IT,1,97,4,228,Medium,0,2,Yes,86.0,High Performer
1221,40,Male,High School,Marketing,8,85,5,158,Medium,0,2,Yes,93.3,High Performer
1222,37,Female,Bachelor,Finance,21,25,2,165,Medium,0,3,No,85.5,High Performer
1223,24,Female,Bachelor,IT,23,32,4,162,High,0,2,Yes,99.4,High Performer
1224,41,Female,Master,Sales,16,49,5,186,Low,0,2,Yes,100.0,High Performer
1225,45,Female,Master,Finance,4,69,5,152,Medium,0,3,No,88.1,High Performer
1226,54,Female,Bachelor,HR,11,82,1,205,Low,0,3,Yes,75.8,High Performer
1227,45,Female,Bachelor,IT,0,41,2,212,Low,0,2,No,46.4,Needs Improvement
1228,32,Male,Bachelor,Finance,9,24,5,216,Medium,0,3,Yes,77.3,High Performer
1229,29,Male,High School,Sales,10,110,5,170,Medium,0,3,No,100.0,High Performer
1230,57,Female,High School,Marketing,15,22,4,224,Medium,0,2,No,91.1,High Performer
1231,59,Female,Bachelor,Operations,13,14,1,198,Medium,0,2,No,55.4,Solid Performer
1232,41,Female,Bachelor,Operations,7,84,3,180,Low,0,2,No,82.3,High Performer
1233,56,Female,PhD,Sales,23,83,1,251,Low,0,3,Yes,84.9,High Performer
1234,46,Male,Bachelor,Sales,16,61,3,235,Medium,0,4,No,92.4,High Performer
1235,56,Male,Bachelor,Operations,24,86,2,261,High,0,2,No,100.0,High Performer
1236,46,Female,Bachelor,Marketing,17,50,2,244,Low,0,2,No,77.9,High Performer
1237,50,Male,High School,Finance,11,62,5,213,Medium,0,4,Yes,99.6,High Performer
1238,39,Male,Bachelor,Operations,24,119,2,238,Medium,0,4,Yes,100.0,High Performer
1239,39,Female,Bachelor,Sales,16,59,5,265,Medium,0,3,Yes,100.0,High Performer
1240,23,Male,Bachelor,IT,13,24,1,214,High,0,4,No,68.0,Solid Performer
1241,56,Female,Bachelor,HR,15,115,2,153,High,0,3,Yes,90.7,High Performer
1242,37,Male,PhD,Marketing,13,16,1,177,Medium,0,3,No,64.5,Solid Performer
1243,57,Female,Master,Marketing,8,49,1,184,Low,0,2,No,52.0,Needs Improvement
1244,54,Male,Bachelor,IT,3,37,2,214,High,0,3,No,72.5,High Performer
1245,25,Male,Bachelor,IT,24,41,1,168,Medium,0,1,No,67.0,Solid Performer
1246,54,Male,Bachelor,Sales,22,108,2,157,Low,0,4,Yes,94.1,High Performer
1247,35,Male,Bachelor,Operations,10,24,2,159,Medium,0,4,No,62.8,Solid Performer
1248,42,Male,Bachelor,Finance,5,109,2,153,High,0,3,No,93.2,High Performer
1249,41,Male,High School,Marketing,14,94,3,193,High,0,2,No,96.7,High Performer
1250,29,Female,Bachelor,Marketing,4,79,1,170,Low,0,2,No,49.1,Needs Improvement
1251,28,Male,Bachelor,IT,10,74,4,197,Medium,0,2,Yes,90.8,High Performer
1252,24,Female,Bachelor,Operations,24,13,2,243,High,0,2,Yes,80.4,High Performer
1253,38,Female,PhD,Marketing,17,20,1,267,Low,0,3,No,67.0,Solid Performer
1254,54,Female,Master,Finance,12,117,5,164,Medium,0,4,No,100.0,High Performer
1255,33,Male,Master,IT,10,35,2,158,Medium,0,1,Yes,57.3,Solid Performer
1256,43,Female,Bachelor,Finance,13,70,2,142,Medium,0,1,Yes,78.9,High Performer
1257,43,Male,Master,Operations,17,46,4,225,Low,0,3,Yes,82.9,High Performer
1258,51,Male,High School,Marketing,24,32,3,148,Medium,0,2,No,97.0,High Performer
1259,59,Other,Master,HR,18,102,3,233,High,1,4,No,100.0,High Performer
1260,59,Male,High School,Marketing,23,94,2,159,Medium,0,2,No,100.0,High Performer
1261,29,Female,Master,Operations,14,118,1,174,Medium,0,2,No,98.7,High Performer
1262,48,Female,Bachelor,Marketing,8,118,5,192,Medium,0,2,Yes,100.0,High Performer
1263,48,Female,Master,Marketing,7,100,5,249,Low,0,1,Yes,98.7,High Performer
1264,55,Female,Master,Sales,19,112,1,143,Medium,1,3,No,100.0,High Performer
1265,42,Male,High School,Marketing,0,49,2,241,Medium,0,2,No,58.4,Solid Performer
1266,51,Male,Bachelor,Marketing,3,86,5,186,High,0,3,Yes,84.3,High Performer
1267,54,Female,PhD,Finance,13,32,3,233,Low,0,3,No,76.0,High Performer
1268,49,Male,Bachelor,HR,24,25,1,187,Medium,0,1,No,74.2,High Performer
1269,54,Male,Master,Finance,1,103,4,230,Medium,0,1,No,94.5,High Performer
1270,26,Male,Bachelor,Finance,15,70,2,223,High,0,3,Yes,94.7,High Performer
1271,40,Male,Bachelor,IT,2,77,1,207,Low,0,3,Yes,52.1,Needs Improvement
1272,25,Male,Bachelor,Sales,7,113,5,264,Low,0,4,Yes,100.0,High Performer
1273,56,Male,Bachelor,Finance,5,89,2,212,Low,0,2,No,62.8,Solid Performer
1274,38,Female,Master,Operations,15,40,3,143,High,1,1,No,94.7,High Performer
1275,49,Female,Bachelor,Operations,23,62,2,215,Low,0,1,Yes,87.1,High Performer
1276,51,Female,Bachelor,Marketing,15,115,2,212,Low,0,3,Yes,84.6,High Performer
1277,50,Male,Bachelor,IT,6,34,3,216,Low,0,3,No,65.2,Solid Performer
1278,27,Male,Bachelor,Sales,12,53,3,187,Medium,0,4,No,88.4,High Performer
1279,56,Male,Master,Sales,12,21,2,241,Low,0,3,No,58.3,Solid Performer
1280,58,Female,PhD,Marketing,4,99,3,245,Medium,0,2,Yes,83.3,High Performer
1281,45,Female,Bachelor,Operations,24,110,1,216,Low,0,3,Yes,95.4,High Performer
1282,50,Male,Master,HR,19,106,3,178,Medium,1,4,Yes,100.0,High Performer
1283,52,Female,Master,IT,21,101,3,197,Medium,0,2,Yes,100.0,High Performer
1284,56,Male,Bachelor,Marketing,17,18,2,158,Medium,0,3,No,71.3,High Performer
1285,54,Female,PhD,IT,14,21,1,227,High,1,4,Yes,76.7,High Performer
1286,42,Female,Bachelor,Operations,17,78,4,252,High,1,3,Yes,100.0,High Performer
1287,53,Female,High School,Operations,1,63,4,216,Medium,0,3,No,83.6,High Performer
1288,44,Female,Master,HR,9,63,5,216,Medium,0,2,Yes,95.3,High Performer
1289,54,Female,Bachelor,HR,22,37,3,167,Medium,0,3,No,87.3,High Performer
1290,24,Male,Master,Sales,12,65,3,205,High,1,1,Yes,92.2,High Performer
1291,39,Female,Master,IT,17,108,1,149,Medium,0,3,No,97.6,High Performer
1292,46,Male,High School,IT,14,78,4,265,Medium,0,1,Yes,100.0,High Performer
1293,52,Female,Master,Operations,11,107,5,197,Medium,0,4,No,100.0,High Performer
1294,24,Female,Bachelor,Sales,14,119,1,264,High,0,4,Yes,96.0,High Performer
1295,45,Female,Bachelor,Marketing,12,107,3,251,Low,0,3,No,97.7,High Performer
1296,53,Male,Bachelor,IT,17,86,4,223,Low,0,1,No,91.3,High Performer
1297,43,Female,Master,Sales,14,112,5,235,Medium,1,1,Yes,100.0,High Performer
1298,44,Female,High School,Sales,24,115,2,172,Low,0,4,Yes,100.0,High Performer
1299,23,Female,Bachelor,Operations,22,118,4,186,Medium,0,3,No,100.0,High Performer
1300,48,Male,Bachelor,Sales,10,67,5,251,Low,0,3,No,100.0,High Performer
1301,23,Male,Master,HR,18,87,1,182,Medium,0,2,Yes,85.6,High Performer
1302,47,Male,Bachelor,HR,2,84,2,147,High,0,3,Yes,64.0,Solid Performer
1303,38,Male,High School,Finance,6,51,5,142,Medium,0,3,Yes,83.5,High Performer
1304,54,Female,Bachelor,Operations,20,47,5,264,Medium,0,3,Yes,100.0,High Performer
1305,30,Male,Bachelor,Marketing,13,77,3,151,Low,0,3,No,89.2,High Performer
1306,50,Other,Master,Finance,13,62,4,223,Low,0,4,No,96.0,High Performer
1307,47,Male,Bachelor,HR,21,42,3,155,High,0,2,No,96.4,High Performer
1308,56,Male,Bachelor,Finance,12,80,2,217,Medium,0,1,No,76.0,High Performer
1309,46,Female,PhD,Operations,11,65,5,198,Medium,0,3,No,97.5,High Performer
1310,45,Female,High School,Operations,23,114,3,202,High,0,1,No,100.0,High Performer
1311,34,Female,PhD,Sales,8,81,4,188,High,0,4,Yes,95.8,High Performer
1312,28,Female,Bachelor,IT,0,110,2,190,High,0,3,Yes,78.8,High Performer
1313,57,Female,Master,Sales,18,60,1,172,Medium,0,4,No,85.4,High Performer
1314,41,Male,Bachelor,Operations,10,83,3,169,Low,1,3,Yes,84.8,High Performer
1315,22,Other,High School,HR,22,52,2,215,Medium,0,1,Yes,89.5,High Performer
1316,29,Other,Master,Marketing,21,24,1,154,Medium,0,2,Yes,63.2,Solid Performer
1317,37,Female,Master,HR,22,47,3,221,Low,0,4,Yes,92.0,High Performer
1318,35,Male,Master,Sales,23,24,2,231,Medium,0,2,No,79.3,High Performer
1319,33,Female,High School,Marketing,21,14,2,162,Low,0,3,No,76.3,High Performer
1320,44,Male,Master,Operations,18,102,3,233,Medium,1,4,Yes,100.0,High Performer
1321,36,Male,Master,HR,17,92,2,184,Medium,0,2,Yes,97.5,High Performer
1322,49,Male,Bachelor,Operations,11,63,5,201,Medium,0,2,No,99.1,High Performer
1323,55,Male,Master,Marketing,22,60,3,154,Medium,0,3,Yes,100.0,High Performer
1324,23,Female,Master,Marketing,0,19,2,185,High,1,4,No,54.3,Needs Improvement
1325,53,Female,Bachelor,HR,18,21,1,203,Medium,0,2,No,71.8,High Performer
1326,44,Female,High School,Operations,19,13,1,214,Medium,0,4,Yes,69.0,Solid Performer
1327,43,Male,Bachelor,Finance,16,104,5,191,High,0,3,No,100.0,High Performer
1328,46,Male,High School,Operations,4,27,3,227,Medium,0,4,No,69.6,Solid Performer
1329,43,Male,Bachelor,Marketing,2,89,2,196,High,1,1,Yes,75.8,High Performer
1330,43,Other,Bachelor,Operations,1,113,2,222,Low,0,1,Yes,64.4,Solid Performer
1331,27,Male,High School,Sales,2,45,1,205,Medium,0,4,No,56.1,Solid Performer
1332,36,Female,Bachelor,Finance,7,34,5,159,Low,1,4,Yes,87.9,High Performer
1333,58,Female,High School,IT,15,96,1,172,Low,0,3,No,85.5,High Performer
1334,54,Male,Master,Sales,5,85,1,211,High,0,3,No,72.5,High Performer
1335,29,Female,Master,IT,12,107,5,164,Low,1,4,Yes,100.0,High Performer
1336,26,Female,High School,HR,22,45,3,185,Medium,0,1,Yes,86.2,High Performer
1337,25,Female,PhD,IT,21,110,2,212,Medium,0,3,No,100.0,High Performer
1338,27,Female,Bachelor,Operations,21,76,3,237,Medium,1,4,Yes,100.0,High Performer
1339,53,Male,Bachelor,IT,15,18,4,196,Medium,0,2,No,83.3,High Performer
1340,51,Male,High School,Marketing,15,70,4,226,Medium,0,2,No,92.2,High Performer
1341,56,Female,Bachelor,Sales,2,62,4,194,Low,0,4,No,79.9,High Performer
1342,37,Female,Master,Sales,12,27,5,200,Medium,0,2,Yes,87.3,High Performer
1343,34,Male,Master,IT,13,52,1,228,Medium,0,1,No,77.1,High Performer
1344,51,Female,High School,Sales,7,44,3,147,Medium,0,4,No,78.5,High Performer
1345,40,Female,High School,Marketing,11,72,2,155,Medium,0,3,No,77.3,High Performer
1346,38,Female,Bachelor,Sales,22,107,4,255,High,0,4,No,100.0,High Performer
1347,40,Male,Bachelor,IT,22,114,3,200,Medium,0,4,No,100.0,High Performer
1348,49,Female,Bachelor,Finance,21,87,4,154,Medium,1,1,No,100.0,High Performer
1349,47,Female,Bachelor,Finance,20,13,4,241,Low,0,2,Yes,82.4,High Performer
1350,58,Male,Master,HR,7,102,2,193,Medium,0,2,No,78.6,High Performer
1351,47,Male,Master,Sales,20,50,5,153,Medium,0,2,Yes,100.0,High Performer
1352,44,Other,Bachelor,IT,24,54,1,175,Low,0,3,Yes,69.2,Solid Performer
1353,30,Male,Master,Sales,8,59,5,244,Medium,1,3,No,96.4,High Performer
1354,33,Female,Bachelor,Operations,0,88,3,221,Medium,0,3,Yes,67.8,Solid Performer
1355,22,Female,Bachelor,Marketing,5,37,5,206,Medium,0,2,No,84.6,High Performer
1356,22,Male,Bachelor,Sales,22,51,3,149,Low,0,2,No,84.5,High Performer
1357,55,Female,Bachelor,Sales,18,89,3,188,Medium,0,3,Yes,100.0,High Performer
1358,53,Male,PhD,Finance,22,85,1,250,Low,0,3,No,89.5,High Performer
1359,46,Female,Bachelor,Marketing,10,78,2,204,High,0,1,No,93.0,High Performer
1360,22,Male,Bachelor,IT,10,107,1,196,Low,0,3,No,69.0,Solid Performer
1361,37,Female,Bachelor,Sales,22,115,5,166,Medium,0,1,No,100.0,High Performer
1362,26,Male,High School,Finance,12,10,3,252,Medium,0,2,No,69.0,Solid Performer
1363,43,Male,Master,HR,10,48,4,210,High,0,3,Yes,81.6,High Performer
1364,50,Other,Bachelor,Marketing,17,105,4,222,Low,0,1,Yes,100.0,High Performer
1365,24,Male,Bachelor,Finance,22,99,3,196,Medium,0,3,No,100.0,High Performer
1366,33,Female,Bachelor,Finance,14,26,1,259,Medium,0,2,No,64.3,Solid Performer
1367,47,Male,Bachelor,Finance,0,100,2,232,Medium,0,1,Yes,60.4,Solid Performer
1368,37,Female,High School,Sales,20,97,1,154,Medium,0,2,No,94.5,High Performer
1369,58,Male,Bachelor,Sales,24,44,3,250,Medium,0,4,No,100.0,High Performer
1370,43,Other,Bachelor,HR,6,55,3,240,High,0,3,No,86.6,High Performer
1371,50,Male,Master,Operations,22,51,2,258,Low,0,4,No,88.2,High Performer
1372,35,Male,Master,Operations,12,48,5,215,Low,0,3,No,91.0,High Performer
1373,49,Male,Master,Operations,11,99,5,159,High,0,3,No,100.0,High Performer
1374,26,Male,Bachelor,Marketing,17,58,2,212,Low,0,2,No,74.1,High Performer
1375,51,Female,Bachelor,Marketing,23,71,5,261,High,0,2,No,100.0,High Performer
1376,26,Male,High School,HR,18,47,4,180,Medium,0,2,No,91.8,High Performer
1377,33,Female,Master,Marketing,14,32,5,269,Medium,0,2,No,85.8,High Performer
1378,37,Male,Bachelor,Operations,7,31,5,162,Low,1,3,No,90.9,High Performer
1379,47,Male,Bachelor,Operations,18,13,5,162,Low,0,2,Yes,79.4,High Performer
1380,47,Female,Bachelor,Finance,9,58,4,148,Medium,0,2,Yes,77.6,High Performer
1381,42,Female,High School,Marketing,6,68,5,152,High,0,2,No,98.6,High Performer
1382,57,Male,Bachelor,Sales,17,82,4,190,High,0,3,Yes,100.0,High Performer
1383,54,Male,High School,Sales,15,77,2,203,Low,0,3,Yes,79.9,High Performer
1384,51,Male,Master,Finance,19,80,1,191,Low,1,4,Yes,84.3,High Performer
1385,58,Female,Bachelor,Finance,5,96,2,177,Low,0,2,Yes,57.8,Solid Performer
1386,44,Female,High School,Finance,8,11,1,239,High,0,2,Yes,48.4,Needs Improvement
1387,31,Male,Bachelor,Sales,20,58,2,190,Low,0,2,Yes,84.4,High Performer
1388,26,Female,High School,Operations,12,97,1,194,Low,1,4,No,87.8,High Performer
1389,57,Female,Bachelor,Finance,24,113,1,248,Low,0,1,No,100.0,High Performer
1390,55,Female,Master,HR,20,104,3,183,Medium,0,3,No,100.0,High Performer
1391,52,Female,High School,Finance,7,40,1,249,High,0,3,Yes,56.0,Solid Performer
1392,31,Male,Master,IT,15,49,1,267,Medium,1,2,No,70.9,High Performer
1393,40,Male,High School,Finance,12,57,3,244,Low,0,2,No,81.9,High Performer
1394,53,Male,Bachelor,Sales,12,60,5,149,Medium,0,2,No,94.4,High Performer
1395,22,Male,Master,Marketing,16,52,5,239,Medium,0,4,Yes,100.0,High Performer
1396,26,Female,Bachelor,Finance,22,107,3,248,Low,0,3,No,100.0,High Performer
1397,25,Female,High School,Marketing,19,64,4,247,Low,0,3,No,100.0,High Performer
1398,37,Male,Bachelor,IT,4,97,1,233,Medium,0,3,No,79.4,High Performer
1399,45,Male,Bachelor,HR,21,58,1,202,Low,0,3,No,81.8,High Performer
1400,37,Male,Master,Marketing,20,99,3,223,Low,0,3,No,100.0,High Performer
1401,23,Female,Bachelor,Operations,16,89,3,164,Medium,0,1,No,86.9,High Performer
1402,49,Male,Master,Finance,8,66,4,151,Medium,0,2,No,88.1,High Performer
1403,53,Female,Master,IT,1,86,5,164,Medium,0,2,Yes,86.0,High Performer
1404,48,Male,Bachelor,IT,24,24,2,150,Medium,0,3,No,85.1,High Performer
1405,41,Male,Master,Marketing,17,36,5,203,Medium,0,1,No,97.4,High Performer
1406,45,Other,Bachelor,HR,8,77,1,265,Medium,0,3,No,71.6,High Performer
1407,33,Other,PhD,Sales,5,89,3,189,Low,0,2,Yes,72.3,High Performer
1408,56,Male,High School,Finance,10,73,4,228,High,0,4,Yes,98.4,High Performer
1409,54,Female,Bachelor,IT,24,103,5,238,Low,0,2,No,100.0,High Performer
1410,54,Female,Bachelor,HR,5,117,4,255,Medium,0,2,No,100.0,High Performer
1411,58,Female,Bachelor,Operations,5,39,5,235,Medium,0,4,No,84.5,High Performer
1412,33,Male,Bachelor,IT,12,45,1,153,Medium,0,3,No,71.4,High Performer
1413,24,Female,Master,HR,10,76,2,140,High,0,4,Yes,89.3,High Performer
1414,22,Female,High School,Sales,13,95,4,164,Medium,0,1,No,100.0,High Performer
1415,54,Female,High School,Sales,1,95,4,211,High,0,2,No,90.7,High Performer
1416,31,Male,Master,IT,7,58,2,208,High,0,3,No,73.8,High Performer
1417,50,Male,Bachelor,IT,2,85,4,244,High,0,4,Yes,92.9,High Performer
1418,34,Male,PhD,Marketing,22,64,4,162,High,0,2,No,100.0,High Performer
1419,33,Female,Master,Finance,20,94,5,148,High,0,4,No,100.0,High Performer
1420,52,Male,PhD,HR,2,65,5,257,Medium,0,3,No,99.4,High Performer
1421,23,Female,Master,IT,0,77,2,233,Medium,1,4,No,78.7,High Performer
1422,56,Other,Bachelor,Finance,23,104,1,172,Low,0,2,Yes,85.2,High Performer
1423,44,Male,High School,Marketing,18,53,4,269,Medium,0,2,Yes,100.0,High Performer
1424,38,Female,Master,Finance,17,40,1,153,High,0,4,No,79.4,High Performer
1425,47,Male,Bachelor,IT,16,67,2,140,Medium,0,4,No,90.5,High Performer
1426,29,Female,High School,Sales,19,96,2,229,High,0,3,Yes,100.0,High Performer
1427,50,Male,Bachelor,HR,23,62,5,228,High,0,1,No,100.0,High Performer
1428,47,Female,PhD,HR,12,93,4,229,Low,0,1,No,100.0,High Performer
1429,31,Female,Bachelor,Sales,2,88,3,153,Low,0,3,No,67.3,Solid Performer
1430,47,Female,Bachelor,IT,0,32,2,250,Medium,1,1,Yes,45.2,Needs Improvement
1431,55,Female,Bachelor,HR,3,37,4,222,Low,0,2,No,63.3,Solid Performer
1432,28,Female,Bachelor,IT,24,25,1,211,Medium,1,2,Yes,82.7,High Performer
1433,25,Female,Bachelor,Marketing,12,46,5,269,High,0,3,Yes,100.0,High Performer
1434,32,Female,Bachelor,IT,16,30,1,166,Medium,0,1,Yes,45.4,Needs Improvement
1435,50,Female,High School,Finance,10,88,2,213,Medium,0,3,No,91.9,High Performer
1436,57,Male,Master,Sales,1,26,2,238,Low,0,3,Yes,49.1,Needs Improvement
1437,46,Female,Bachelor,IT,24,46,1,211,Medium,1,3,No,97.7,High Performer
1438,42,Female,Master,Marketing,15,86,2,162,Medium,0,3,No,88.3,High Performer
1439,57,Female,Master,Operations,1,28,4,207,Medium,0,2,No,61.5,Solid Performer
1440,31,Male,Bachelor,Sales,18,39,2,256,Low,1,3,No,75.6,High Performer
1441,58,Female,Bachelor,HR,22,54,5,245,Medium,0,4,No,100.0,High Performer
1442,30,Male,Bachelor,Finance,18,27,4,232,Low,0,3,No,86.9,High Performer
1443,45,Female,Master,HR,24,87,3,204,High,0,4,No,100.0,High Performer
1444,56,Male,Bachelor,Marketing,15,71,2,207,Low,0,3,No,84.2,High Performer
1445,56,Female,Bachelor,Marketing,21,45,2,267,Low,0,4,Yes,90.2,High Performer
1446,57,Other,Bachelor,HR,18,109,5,202,Low,0,2,Yes,100.0,High Performer
1447,39,Male,Bachelor,Sales,8,93,5,252,Medium,0,3,No,100.0,High Performer
1448,53,Other,High School,HR,0,61,1,229,Medium,0,3,No,48.5,Needs Improvement
1449,45,Male,Bachelor,IT,9,28,1,220,Medium,0,2,No,56.7,Solid Performer
1450,44,Female,Master,HR,18,118,1,242,Medium,1,3,No,100.0,High Performer
1451,53,Female,Bachelor,Finance,0,53,5,255,Medium,0,2,Yes,72.6,High Performer
1452,58,Female,Bachelor,Finance,1,16,1,152,Medium,0,3,No,41.3,Needs Improvement
1453,33,Female,Bachelor,Operations,15,53,1,263,Medium,0,3,Yes,68.7,Solid Performer
1454,34,Female,Master,Finance,11,77,3,227,Low,0,3,No,86.7,High Performer
1455,44,Male,High School,HR,7,43,1,150,Medium,0,4,No,57.9,Solid Performer
1456,46,Male,Master,Finance,22,75,2,154,Medium,0,2,No,89.9,High Performer
1457,56,Female,Bachelor,Sales,17,78,5,149,High,1,2,Yes,100.0,High Performer
1458,51,Female,Bachelor,Finance,1,64,4,180,Medium,0,2,No,75.2,High Performer
1459,38,Female,High School,IT,24,19,3,212,Low,0,4,No,97.7,High Performer
1460,41,Female,High School,Sales,12,105,5,191,Low,0,3,No,100.0,High Performer
1461,46,Male,Bachelor,Operations,5,51,5,267,High,0,3,No,100.0,High Performer
1462,43,Female,Bachelor,IT,20,50,2,167,Low,0,2,Yes,70.5,High Performer
1463,34,Male,Master,HR,5,86,1,204,Low,0,3,No,66.0,Solid Performer
1464,40,Female,High School,HR,8,112,2,156,Low,0,2,No,73.0,High Performer
1465,57,Male,Bachelor,HR,15,78,1,234,Medium,1,3,Yes,86.4,High Performer
1466,33,Male,Bachelor,IT,10,19,1,202,Low,0,4,No,59.9,Solid Performer
1467,40,Male,High School,IT,6,19,5,177,Medium,0,3,No,84.4,High Performer
1468,33,Male,High School,IT,9,111,1,209,Medium,0,3,No,96.4,High Performer
1469,30,Female,Bachelor,Sales,9,100,3,243,High,0,3,No,100.0,High Performer
1470,28,Male,Bachelor,Marketing,24,69,3,192,Low,0,3,No,100.0,High Performer
1471,49,Male,Bachelor,Sales,19,60,3,258,Medium,0,3,No,100.0,High Performer
1472,35,Male,Bachelor,HR,17,30,5,213,Medium,0,3,No,100.0,High Performer
1473,52,Male,Bachelor,Marketing,23,17,2,193,Medium,0,2,No,74.0,High Performer
1474,40,Male,High School,Finance,19,74,4,159,Medium,0,1,No,93.9,High Performer
1475,37,Male,Bachelor,HR,8,101,1,218,High,0,3,No,90.4,High Performer
1476,26,Female,PhD,Operations,14,112,4,170,Low,0,3,No,100.0,High Performer
1477,56,Female,Bachelor,Sales,3,87,2,197,High,0,2,No,81.2,High Performer
1478,33,Female,Bachelor,IT,7,94,2,244,Medium,0,3,No,74.9,High Performer
1479,46,Male,Bachelor,Sales,8,39,5,149,Low,0,1,No,71.5,High Performer
1480,42,Male,Master,IT,12,94,3,149,High,0,2,Yes,93.0,High Performer
1481,57,Female,Master,Marketing,8,58,3,178,Medium,0,3,Yes,64.3,Solid Performer
1482,44,Female,Bachelor,Operations,3,18,2,176,Low,0,3,Yes,32.3,Needs Improvement
1483,37,Male,PhD,Marketing,16,26,5,258,Low,0,3,No,93.9,High Performer
1484,35,Male,High School,Operations,15,78,5,206,Low,0,3,Yes,100.0,High Performer
1485,52,Male,High School,Sales,14,67,1,182,Medium,0,4,Yes,70.0,High Performer
1486,26,Male,Master,IT,2,66,3,191,Low,0,3,Yes,55.5,Solid Performer
1487,56,Male,Master,Marketing,24,71,2,240,Low,0,1,No,99.8,High Performer
1488,44,Female,High School,Operations,19,104,4,195,Low,0,2,Yes,100.0,High Performer
1489,50,Female,Bachelor,HR,4,61,3,215,Medium,0,1,No,67.7,Solid Performer
1490,32,Female,High School,HR,22,70,1,207,High,0,4,Yes,92.5,High Performer
1491,39,Female,Bachelor,Marketing,4,49,5,245,Medium,0,1,No,77.1,High Performer
1492,33,Female,Master,IT,19,47,2,264,Low,0,2,No,88.2,High Performer
1493,30,Female,Bachelor,Marketing,14,52,3,231,High,0,2,No,85.8,High Performer
1494,31,Female,Bachelor,Sales,17,72,4,162,Medium,0,4,No,100.0,High Performer
1495,38,Male,Bachelor,Operations,14,28,1,248,High,0,2,No,68.1,Solid Performer
1496,59,Male,High School,Sales,1,109,1,200,Medium,0,4,No,63.5,Solid Performer
1497,28,Male,Bachelor,HR,12,59,3,183,Medium,0,1,Yes,76.8,High Performer
1498,34,Female,Bachelor,Operations,3,42,4,155,Medium,0,1,No,56.8,Solid Performer
1499,30,Female,PhD,Marketing,9,22,1,161,Low,0,2,Yes,43.1,Needs Improvement
1500,48,Male,Master,Sales,12,87,2,196,Medium,0,4,No,84.9,High Performer
1501,23,Female,High School,Finance,9,106,1,201,High,0,4,Yes,89.9,High Performer
1502,26,Male,Master,IT,8,71,4,246,High,0,1,No,90.6,High Performer
1503,50,Female,Master,IT,7,102,5,210,High,0,1,No,100.0,High Performer
1504,58,Male,Master,Finance,2,52,5,229,Medium,0,3,No,85.5,High Performer
1505,59,Male,Bachelor,HR,15,58,3,211,Low,0,1,No,72.3,High Performer
1506,40,Female,Bachelor,Operations,13,45,4,209,Low,0,1,No,79.6,High Performer
1507,29,Male,Bachelor,IT,8,117,1,169,Medium,0,1,No,82.0,High Performer
1508,22,Male,High School,Finance,20,19,1,242,Medium,1,1,No,77.0,High Performer
1509,43,Male,Bachelor,Marketing,10,104,5,171,Low,1,2,Yes,100.0,High Performer
1510,38,Female,Bachelor,Finance,2,15,5,225,Low,0,1,Yes,54.5,Needs Improvement
1511,28,Female,Bachelor,HR,4,66,2,196,Medium,1,2,No,62.1,Solid Performer
1512,46,Male,Master,HR,9,10,5,248,Medium,0,4,No,80.7,High Performer
1513,25,Female,Bachelor,Sales,12,80,2,148,High,0,2,No,77.0,High Performer
1514,57,Female,High School,IT,3,67,1,170,Medium,0,3,Yes,56.7,Solid Performer
1515,27,Male,PhD,Sales,23,100,2,210,Medium,0,1,Yes,100.0,High Performer
1516,52,Male,Master,Finance,12,30,2,152,Medium,0,3,Yes,59.8,Solid Performer
1517,40,Male,Master,Operations,11,101,3,174,High,1,2,No,99.3,High Performer
1518,48,Male,PhD,Operations,4,89,5,160,Medium,0,3,No,98.7,High Performer
1519,31,Female,Bachelor,HR,9,65,2,203,High,0,1,No,70.5,High Performer
1520,47,Male,PhD,Operations,23,119,1,234,High,0,4,No,100.0,High Performer
1521,40,Female,High School,Operations,8,96,4,173,High,0,2,Yes,100.0,High Performer
1522,24,Female,Bachelor,Operations,19,29,2,260,Medium,0,2,Yes,70.7,High Performer
1523,34,Male,Bachelor,Finance,6,111,5,154,Low,0,4,Yes,97.6,High Performer
1524,49,Female,High School,Operations,1,63,3,259,Low,0,3,No,60.1,Solid Performer
1525,41,Male,High School,Marketing,21,34,1,235,Low,0,2,Yes,67.6,Solid Performer
1526,49,Other,Bachelor,Operations,23,37,3,145,Low,0,4,No,91.9,High Performer
1527,29,Female,Master,Operations,22,14,4,248,Low,0,2,No,87.0,High Performer
1528,22,Female,Bachelor,Sales,6,30,2,236,Medium,1,1,Yes,56.0,Solid Performer
1529,24,Female,High School,Finance,7,27,2,171,Medium,0,4,Yes,51.5,Needs Improvement
1530,34,Male,Master,HR,6,56,5,222,Medium,0,2,Yes,75.7,High Performer
1531,49,Female,Bachelor,Sales,20,79,2,257,Low,0,4,No,95.3,High Performer
1532,46,Female,Bachelor,IT,22,66,1,218,Medium,0,2,No,77.2,High Performer
1533,54,Female,Bachelor,Finance,13,102,4,217,Medium,1,3,Yes,100.0,High Performer
1534,59,Female,Bachelor,Marketing,18,28,3,246,Medium,0,3,No,89.1,High Performer
1535,27,Female,Bachelor,Finance,4,106,4,265,High,0,4,No,100.0,High Performer
1536,53,Male,Master,IT,22,74,2,154,Low,0,3,No,83.0,High Performer
1537,42,Male,Bachelor,IT,24,118,3,212,Low,1,1,No,100.0,High Performer
1538,37,Female,Bachelor,IT,17,12,5,240,Medium,0,3,No,93.8,High Performer
1539,42,Male,Master,HR,19,51,4,237,Low,0,1,No,86.0,High Performer
1540,32,Female,Master,Operations,11,30,3,165,Medium,0,4,No,73.8,High Performer
1541,58,Female,High School,Finance,22,108,3,231,Medium,0,4,Yes,100.0,High Performer
1542,57,Male,High School,Operations,16,114,3,264,Low,0,3,No,100.0,High Performer
1543,56,Male,High School,Operations,12,49,1,212,Low,0,4,No,70.9,High Performer
1544,40,Female,Bachelor,Marketing,1,76,4,262,Medium,0,1,No,73.2,High Performer
1545,41,Male,Bachelor,IT,24,34,3,192,Medium,0,3,No,97.4,High Performer
1546,39,Female,High School,HR,12,118,4,217,Medium,0,2,No,100.0,High Performer
1547,35,Male,PhD,Marketing,6,111,3,231,Low,0,3,Yes,87.3,High Performer
1548,36,Female,Bachelor,Sales,9,118,5,227,Low,0,1,Yes,100.0,High Performer
1549,52,Male,Bachelor,HR,22,64,5,152,Low,0,4,Yes,100.0,High Performer
1550,22,Female,Bachelor,Operations,5,93,5,182,Low,0,1,No,90.6,High Performer
1551,24,Male,Bachelor,HR,2,61,2,215,High,0,3,Yes,64.0,Solid Performer
1552,37,Female,High School,IT,2,53,3,190,Low,0,1,Yes,46.9,Needs Improvement
1553,44,Male,Bachelor,Sales,17,118,2,158,Medium,0,4,Yes,98.6,High Performer
1554,32,Female,Master,IT,10,107,4,261,High,0,2,Yes,100.0,High Performer
1555,33,Female,Bachelor,Sales,21,94,2,163,Low,0,3,Yes,87.7,High Performer
1556,31,Male,Bachelor,Marketing,19,65,4,165,Medium,0,2,Yes,90.2,High Performer
1557,53,Male,Bachelor,Operations,4,64,4,259,High,0,3,No,98.6,High Performer
1558,37,Male,High School,Sales,18,96,4,221,High,0,2,Yes,100.0,High Performer
1559,29,Female,High School,Sales,21,79,2,239,Medium,0,3,Yes,100.0,High Performer
1560,59,Female,Bachelor,Sales,18,86,3,156,Medium,1,2,No,100.0,High Performer
1561,33,Female,Bachelor,HR,14,96,2,207,High,0,4,No,100.0,High Performer
1562,45,Male,High School,Marketing,15,82,3,183,Medium,0,1,Yes,86.3,High Performer
1563,49,Male,Master,HR,23,90,3,200,High,0,2,Yes,100.0,High Performer
1564,29,Female,PhD,Operations,8,75,4,262,Medium,0,3,No,100.0,High Performer
1565,49,Female,Master,Sales,3,28,2,232,Medium,0,1,Yes,42.1,Needs Improvement
1566,57,Other,Master,Marketing,14,92,3,213,High,1,2,Yes,100.0,High Performer
1567,47,Male,Bachelor,Marketing,24,16,5,206,High,0,4,Yes,100.0,High Performer
1568,29,Female,PhD,Finance,11,72,3,250,Medium,0,4,Yes,92.2,High Performer
1569,49,Male,High School,Operations,22,51,5,141,Low,0,3,No,100.0,High Performer
1570,49,Male,PhD,Marketing,2,51,2,228,Medium,0,2,No,56.3,Solid Performer
1571,58,Female,PhD,Sales,22,68,2,165,Medium,0,2,No,97.0,High Performer
1572,57,Female,Master,Sales,13,29,2,238,Medium,0,3,No,62.0,Solid Performer
1573,48,Other,PhD,Marketing,16,82,3,166,High,0,1,No,100.0,High Performer
1574,38,Male,Bachelor,HR,18,26,1,228,High,0,4,No,85.0,High Performer
1575,30,Male,Bachelor,Operations,5,36,3,140,Medium,0,2,No,59.4,Solid Performer
1576,54,Female,Bachelor,Sales,3,56,3,242,Low,0,4,Yes,69.4,Solid Performer
1577,41,Female,Bachelor,Marketing,6,11,4,180,Medium,1,3,No,76.4,High Performer
1578,34,Male,High School,Sales,18,72,4,190,Medium,0,4,No,100.0,High Performer
1579,49,Male,Bachelor,Marketing,16,71,3,154,Medium,0,1,Yes,83.9,High Performer
1580,50,Male,PhD,Operations,24,109,5,147,Medium,0,4,No,100.0,High Performer
1581,34,Female,High School,Marketing,15,28,4,177,Medium,0,2,No,89.9,High Performer
1582,56,Male,Master,Finance,14,26,3,253,Low,0,3,Yes,76.2,High Performer
1583,27,Male,Master,Marketing,21,78,1,222,Low,0,4,Yes,86.0,High Performer
1584,39,Male,Master,Marketing,7,48,5,195,Medium,0,2,No,84.1,High Performer
1585,26,Male,PhD,Operations,18,91,2,242,Low,0,3,No,95.9,High Performer
1586,46,Male,Bachelor,Marketing,7,80,3,241,Medium,1,3,No,87.8,High Performer
1587,23,Female,PhD,Operations,17,90,3,217,Medium,0,2,Yes,98.1,High Performer
1588,31,Male,Master,Finance,15,48,5,222,Medium,0,3,Yes,93.7,High Performer
1589,51,Female,High School,Operations,19,45,4,169,Low,0,2,No,95.5,High Performer
1590,26,Male,Bachelor,Sales,18,49,4,144,High,0,2,Yes,100.0,High Performer
1591,54,Female,Master,Operations,9,54,4,258,Medium,0,3,No,95.4,High Performer
1592,22,Female,Bachelor,Finance,16,13,2,170,Medium,0,3,No,61.1,Solid Performer
1593,39,Female,Bachelor,IT,12,111,5,162,Medium,0,2,No,100.0,High Performer
1594,53,Female,Bachelor,Marketing,12,34,5,187,Low,0,4,Yes,89.2,High Performer
1595,32,Male,High School,Operations,6,78,4,248,Medium,0,4,Yes,96.5,High Performer
1596,42,Male,Bachelor,Marketing,9,39,4,179,High,0,3,Yes,71.9,High Performer
1597,47,Female,Master,HR,1,85,1,145,Medium,0,3,No,64.2,Solid Performer
1598,46,Other,Bachelor,Sales,3,77,1,177,High,0,2,No,57.3,Solid Performer
1599,43,Female,High School,Sales,24,97,3,239,Medium,0,3,No,100.0,High Performer
1600,48,Female,High School,HR,5,38,3,166,Low,0,3,Yes,64.0,Solid Performer
1601,34,Female,Bachelor,HR,23,82,5,208,Low,0,2,Yes,100.0,High Performer
1602,54,Male,Master,Operations,17,77,5,196,Medium,1,3,No,100.0,High Performer
1603,55,Male,Bachelor,HR,22,60,2,156,Medium,0,2,No,84.1,High Performer
1604,56,Female,Bachelor,IT,5,33,2,210,Low,0,1,No,43.5,Needs Improvement
1605,22,Female,Bachelor,Marketing,24,23,1,186,High,0,3,Yes,75.2,High Performer
1606,42,Male,Bachelor,Marketing,22,78,3,218,Medium,1,3,No,100.0,High Performer
1607,27,Female,Master,Finance,16,27,1,249,Medium,0,3,No,70.2,High Performer
1608,49,Male,Master,HR,13,51,1,152,High,0,3,No,79.8,High Performer
1609,38,Female,High School,HR,23,66,3,263,High,0,4,No,100.0,High Performer
1610,26,Male,Bachelor,IT,10,92,2,248,Medium,0,3,Yes,82.1,High Performer
1611,52,Male,High School,Sales,18,21,3,229,High,0,3,Yes,92.9,High Performer
1612,26,Female,Bachelor,Sales,1,91,4,225,High,0,1,Yes,77.3,High Performer
1613,59,Male,Bachelor,Marketing,2,26,4,231,Medium,0,2,No,68.8,Solid Performer
1614,24,Female,High School,Marketing,10,39,4,163,Low,0,2,No,73.3,High Performer
1615,44,Female,Bachelor,Operations,5,97,5,212,Low,0,3,No,100.0,High Performer
1616,58,Female,Bachelor,IT,13,84,2,143,Medium,1,4,Yes,85.9,High Performer
1617,58,Male,Master,Finance,18,108,2,252,Medium,0,2,No,100.0,High Performer
1618,31,Male,PhD,Finance,15,32,5,185,High,0,2,No,94.4,High Performer
1619,31,Male,High School,IT,20,90,1,157,Medium,0,2,Yes,78.0,High Performer
1620,40,Other,Master,Finance,21,10,4,182,Medium,1,2,No,94.8,High Performer
1621,38,Female,Bachelor,Sales,23,88,4,232,High,1,4,Yes,100.0,High Performer
1622,42,Female,Bachelor,Finance,6,41,1,242,High,0,3,Yes,55.4,Solid Performer
1623,35,Female,Master,Finance,7,18,3,263,Medium,0,2,Yes,61.8,Solid Performer
1624,30,Female,Master,IT,18,24,3,149,Low,0,3,No,80.3,High Performer
1625,22,Female,PhD,IT,19,37,2,212,Medium,1,3,No,94.7,High Performer
1626,34,Male,Bachelor,Finance,15,33,5,170,Medium,0,3,Yes,100.0,High Performer
1627,25,Female,Bachelor,HR,21,69,2,199,Medium,0,1,No,98.8,High Performer
1628,22,Male,Master,IT,6,44,3,257,Medium,0,3,No,75.4,High Performer
1629,53,Female,Bachelor,Operations,8,95,1,153,High,1,1,No,85.4,High Performer
1630,55,Female,Bachelor,Operations,12,36,2,141,Medium,0,4,Yes,67.8,Solid Performer
1631,49,Female,Bachelor,Sales,0,92,4,163,Medium,0,3,No,88.1,High Performer
1632,52,Male,Bachelor,Finance,7,118,4,203,Low,0,3,No,98.4,High Performer
1633,29,Male,Bachelor,HR,23,85,1,239,Medium,0,2,Yes,95.5,High Performer
1634,47,Male,High School,Sales,21,29,3,253,Low,0,2,Yes,78.3,High Performer
1635,55,Male,Master,Finance,3,74,4,163,High,1,1,No,85.9,High Performer
1636,24,Male,High School,IT,2,94,4,230,Low,1,4,Yes,93.2,High Performer
1637,33,Female,Bachelor,Operations,2,58,5,165,Medium,0,2,No,91.8,High Performer
1638,22,Female,Bachelor,Marketing,21,118,2,204,Low,0,1,Yes,100.0,High Performer
1639,26,Male,High School,HR,12,10,3,259,Low,0,4,No,70.1,High Performer
1640,51,Male,High School,Marketing,7,19,2,143,Medium,1,3,Yes,50.4,Needs Improvement
1641,51,Male,High School,Operations,6,56,3,140,Medium,0,4,Yes,76.6,High Performer
1642,38,Female,Master,Marketing,0,68,4,189,Low,0,1,Yes,60.4,Solid Performer
1643,44,Female,Bachelor,IT,15,105,5,249,Medium,1,3,No,100.0,High Performer
1644,36,Female,PhD,Finance,5,71,2,213,Medium,0,2,No,73.4,High Performer
1645,58,Female,Bachelor,IT,6,112,4,201,Medium,0,4,Yes,100.0,High Performer
1646,42,Other,Bachelor,Marketing,11,95,3,220,Low,0,1,Yes,88.0,High Performer
1647,35,Female,Bachelor,IT,22,27,2,195,Medium,0,3,No,76.7,High Performer
1648,23,Male,Bachelor,Operations,8,55,2,250,Low,0,4,No,62.1,Solid Performer
1649,32,Female,Master,HR,10,41,4,160,Medium,0,3,No,86.2,High Performer
1650,59,Male,Bachelor,IT,9,36,2,148,Low,0,3,Yes,54.9,Needs Improvement
1651,55,Female,Bachelor,Operations,20,101,5,209,Medium,0,1,No,100.0,High Performer
1652,59,Male,Master,HR,0,27,5,268,Low,0,1,No,72.8,High Performer
1653,55,Female,Master,Finance,17,48,4,257,High,0,3,No,100.0,High Performer
1654,39,Female,Master,Marketing,3,58,3,195,Medium,1,3,No,83.5,High Performer
1655,51,Female,Bachelor,Finance,4,102,4,170,Low,0,4,Yes,85.3,High Performer
1656,36,Female,Master,Sales,8,91,5,176,Low,0,3,Yes,100.0,High Performer
1657,48,Male,Bachelor,Operations,16,53,1,230,High,0,3,No,86.3,High Performer
1658,55,Male,Bachelor,HR,2,81,1,253,Medium,1,4,No,65.4,Solid Performer
1659,59,Male,Bachelor,IT,15,63,2,267,Medium,0,1,No,80.1,High Performer
1660,54,Male,Bachelor,Finance,4,104,2,261,High,0,3,No,100.0,High Performer
1661,45,Female,High School,HR,15,43,1,208,High,1,2,No,87.8,High Performer
1662,36,Male,Bachelor,Operations,2,80,5,175,Medium,0,1,Yes,84.8,High Performer
1663,51,Other,Master,Sales,19,45,2,171,Low,1,4,Yes,84.6,High Performer
1664,38,Female,Bachelor,Finance,14,27,4,203,High,1,3,Yes,93.3,High Performer
1665,26,Female,High School,Marketing,2,47,4,187,Low,1,3,Yes,71.4,High Performer
1666,50,Male,High School,HR,19,68,5,220,Medium,0,3,No,100.0,High Performer
1667,25,Female,Master,Marketing,13,18,2,199,Medium,0,3,Yes,68.7,Solid Performer
1668,31,Female,Bachelor,HR,15,82,4,140,Medium,1,1,Yes,100.0,High Performer
1669,38,Female,Bachelor,HR,16,119,2,204,Medium,0,3,Yes,97.1,High Performer
1670,31,Female,Master,Operations,23,81,2,172,Medium,0,3,Yes,100.0,High Performer
1671,38,Female,Master,Operations,19,60,4,177,High,0,4,Yes,100.0,High Performer
1672,41,Male,Bachelor,Operations,22,44,1,164,Low,0,2,No,70.6,High Performer
1673,45,Female,Bachelor,IT,17,91,4,198,Medium,0,2,Yes,100.0,High Performer
1674,26,Male,Master,HR,17,14,5,240,Medium,0,3,No,96.2,High Performer
1675,55,Male,Bachelor,Finance,21,23,3,266,High,0,4,No,88.7,High Performer
1676,27,Male,High School,Marketing,13,101,4,180,Low,0,3,No,100.0,High Performer
1677,23,Male,Master,Operations,17,39,2,196,Low,0,3,Yes,76.1,High Performer
1678,34,Male,Bachelor,Operations,14,13,2,187,Low,0,4,Yes,54.2,Needs Improvement
1679,32,Male,Bachelor,Marketing,14,48,4,211,Low,0,4,Yes,93.0,High Performer
1680,44,Other,Bachelor,Marketing,5,93,3,195,High,0,3,No,86.3,High Performer
1681,37,Female,High School,HR,14,73,4,204,Medium,0,3,No,100.0,High Performer
1682,52,Other,High School,Operations,17,34,3,151,Medium,0,2,No,77.0,High Performer
1683,32,Male,Master,Marketing,3,37,3,208,Medium,0,4,No,65.7,Solid Performer
1684,37,Male,High School,IT,22,85,5,228,Medium,0,3,No,100.0,High Performer
1685,29,Female,Bachelor,IT,7,75,2,164,Low,0,4,No,75.9,High Performer
1686,25,Male,Bachelor,Operations,14,116,2,140,Medium,0,1,Yes,99.1,High Performer
1687,25,Male,High School,Marketing,2,87,3,188,Medium,0,3,No,79.6,High Performer
1688,46,Female,PhD,HR,14,31,2,199,Low,0,3,No,67.1,Solid Performer
1689,24,Male,Bachelor,HR,12,40,1,141,Medium,1,3,Yes,59.6,Solid Performer
1690,53,Female,Bachelor,HR,8,32,3,212,Medium,0,2,Yes,55.1,Solid Performer
1691,24,Female,Bachelor,Sales,1,57,2,249,Low,1,3,No,60.4,Solid Performer
1692,48,Male,Bachelor,Operations,23,29,1,200,Low,0,4,Yes,65.5,Solid Performer
1693,50,Male,High School,HR,7,47,5,156,Medium,0,3,Yes,72.6,High Performer
1694,53,Female,Master,IT,19,64,2,188,Low,0,2,No,82.8,High Performer
1695,40,Male,PhD,Marketing,16,77,1,215,High,0,3,Yes,82.8,High Performer
1696,42,Male,Bachelor,Finance,12,88,4,182,Low,0,2,No,100.0,High Performer
1697,26,Other,Bachelor,Finance,0,97,4,196,Medium,0,2,No,80.0,High Performer
1698,39,Male,Master,HR,1,98,1,189,High,0,3,No,75.5,High Performer
1699,49,Female,Master,Finance,14,10,3,176,High,0,4,Yes,78.8,High Performer
1700,43,Other,Bachelor,Finance,11,16,3,185,High,0,3,No,81.3,High Performer
1701,42,Male,Bachelor,Sales,13,66,2,154,Low,0,3,No,74.6,High Performer
1702,27,Male,Bachelor,IT,24,104,4,219,Medium,1,2,Yes,100.0,High Performer
1703,22,Male,Master,IT,1,21,3,163,Medium,0,3,Yes,52.7,Needs Improvement
1704,26,Male,Master,Sales,17,115,3,264,Low,0,1,No,100.0,High Performer
1705,33,Male,High School,Sales,21,14,4,257,Low,0,4,Yes,100.0,High Performer
1706,47,Female,Bachelor,Finance,6,117,5,219,High,0,4,Yes,100.0,High Performer
1707,55,Male,Master,Operations,22,59,3,233,Medium,0,3,Yes,100.0,High Performer
1708,35,Female,Master,Marketing,24,51,1,204,Medium,0,3,Yes,82.0,High Performer
1709,47,Other,PhD,Marketing,5,111,2,227,High,0,4,Yes,99.7,High Performer
1710,48,Female,Master,Finance,13,21,3,227,Medium,1,3,No,95.3,High Performer
1711,30,Female,Bachelor,Marketing,7,112,3,265,Medium,0,2,No,100.0,High Performer
1712,47,Male,Bachelor,Sales,21,27,5,228,Medium,1,2,Yes,95.1,High Performer
1713,43,Female,Bachelor,IT,1,75,1,200,Low,1,3,No,54.5,Needs Improvement
1714,51,Female,High School,Marketing,16,83,2,154,Medium,1,4,No,100.0,High Performer
1715,38,Male,Bachelor,Finance,4,88,3,233,High,0,2,No,81.1,High Performer
1716,47,Male,Master,Operations,13,103,2,190,High,0,2,No,94.0,High Performer
1717,57,Female,High School,Finance,24,117,4,166,High,0,3,No,100.0,High Performer
1718,22,Male,Master,HR,23,26,3,213,Medium,0,4,No,95.6,High Performer
1719,29,Male,Bachelor,Finance,19,77,3,200,High,0,2,No,100.0,High Performer
1720,56,Male,PhD,Sales,20,80,4,170,Low,0,2,No,94.1,High Performer
1721,36,Male,High School,IT,20,71,5,151,Low,0,3,Yes,98.5,High Performer
1722,43,Female,Bachelor,IT,21,50,3,185,Medium,0,3,Yes,84.6,High Performer
1723,35,Female,Bachelor,Marketing,2,104,2,171,Medium,0,1,No,63.5,Solid Performer
1724,47,Female,Bachelor,Sales,4,112,1,200,Low,0,1,No,66.2,Solid Performer
1725,49,Male,Master,HR,15,43,2,185,Medium,0,3,No,78.4,High Performer
1726,44,Male,Master,Sales,17,79,5,224,Low,0,3,No,100.0,High Performer
1727,35,Female,High School,Finance,16,111,1,219,Medium,0,4,Yes,99.0,High Performer
1728,45,Male,Bachelor,Sales,10,54,2,143,Medium,0,3,No,67.8,Solid Performer
1729,23,Male,Bachelor,Sales,16,67,2,191,Medium,0,1,Yes,78.9,High Performer
1730,47,Female,Bachelor,HR,15,60,4,251,Low,0,3,Yes,98.3,High Performer
1731,35,Male,Master,Finance,22,43,5,175,Medium,0,3,No,100.0,High Performer
1732,28,Female,Master,Operations,1,53,4,193,Medium,0,1,Yes,62.1,Solid Performer
1733,24,Male,Bachelor,Operations,3,24,1,258,Medium,0,4,No,45.4,Needs Improvement
1734,44,Male,Master,IT,20,87,4,266,Medium,0,4,No,100.0,High Performer
1735,39,Male,Bachelor,Marketing,6,79,5,156,Medium,0,2,Yes,93.3,High Performer
1736,59,Other,Master,Sales,1,59,3,214,High,0,2,No,71.4,High Performer
1737,56,Female,Bachelor,IT,5,110,3,244,Low,0,1,No,95.0,High Performer
1738,36,Female,Master,HR,16,41,1,256,Medium,0,2,Yes,63.5,Solid Performer
1739,46,Female,Master,Operations,6,76,3,182,Medium,0,3,Yes,82.0,High Performer
1740,58,Male,Bachelor,Sales,24,12,4,251,Medium,0,3,No,100.0,High Performer
1741,49,Female,Master,HR,4,95,1,254,Low,0,4,No,71.4,High Performer
1742,31,Male,High School,Marketing,4,95,5,166,Low,0,1,Yes,82.1,High Performer
1743,38,Female,Bachelor,HR,19,83,1,176,Low,0,3,Yes,84.1,High Performer
1744,43,Male,Bachelor,Sales,15,60,1,185,High,0,4,No,86.7,High Performer
1745,47,Female,PhD,Marketing,18,76,2,252,Medium,0,3,No,98.1,High Performer
1746,46,Male,Master,HR,8,85,2,174,Medium,0,1,Yes,72.6,High Performer
1747,38,Male,Master,Marketing,4,102,1,219,High,0,2,No,76.8,High Performer
1748,34,Female,Master,Sales,7,57,3,219,Low,0,2,No,61.6,Solid Performer
1749,41,Male,Bachelor,Sales,8,26,2,260,High,0,4,No,72.4,High Performer
1750,46,Male,Master,Marketing,4,16,5,261,Medium,0,4,Yes,74.1,High Performer
1751,25,Male,Bachelor,Finance,9,22,4,220,Medium,0,4,No,90.8,High Performer
1752,31,Male,Bachelor,IT,24,75,2,258,High,0,4,Yes,100.0,High Performer
1753,24,Female,High School,HR,1,13,1,197,High,0,2,No,40.6,Needs Improvement
1754,39,Female,Master,HR,8,19,3,202,High,0,4,No,76.6,High Performer
1755,57,Female,Master,Finance,10,112,4,239,Low,1,4,No,100.0,High Performer
1756,43,Female,Bachelor,Finance,3,97,2,205,High,0,2,No,76.6,High Performer
1757,55,Male,High School,Finance,21,26,3,224,High,0,2,No,90.6,High Performer
1758,29,Female,Master,Operations,21,61,3,262,Medium,0,3,No,100.0,High Performer
1759,40,Male,High School,Operations,21,15,3,141,Low,0,2,Yes,68.0,Solid Performer
1760,58,Male,Master,Marketing,1,92,1,245,Low,0,1,No,53.8,Needs Improvement
1761,27,Female,PhD,Operations,22,78,5,247,High,1,4,Yes,100.0,High Performer
1762,47,Male,Bachelor,Sales,5,105,3,211,Medium,0,4,Yes,90.9,High Performer
1763,55,Female,Bachelor,Marketing,13,83,4,265,Medium,0,2,No,100.0,High Performer
1764,27,Male,Master,HR,0,18,2,196,Low,0,3,No,42.5,Needs Improvement
1765,58,Female,Master,IT,17,100,4,220,Low,0,4,No,100.0,High Performer
1766,54,Female,Bachelor,Sales,6,86,1,158,Medium,1,3,No,76.1,High Performer
1767,43,Female,PhD,HR,0,92,1,146,Medium,0,2,Yes,48.3,Needs Improvement
1768,42,Female,High School,HR,0,30,4,193,High,0,3,No,67.9,Solid Performer
1769,27,Female,Bachelor,Marketing,0,33,5,243,Medium,0,4,Yes,75.9,High Performer
1770,27,Male,Master,Finance,23,111,1,225,Medium,0,4,No,100.0,High Performer
1771,25,Female,Master,Finance,3,13,1,221,Low,0,2,No,25.3,Needs Improvement
1772,51,Male,High School,Sales,3,33,4,200,Low,0,2,Yes,50.4,Needs Improvement
1773,32,Female,Master,Finance,17,68,1,226,Medium,0,4,Yes,84.0,High Performer
1774,51,Female,Bachelor,HR,10,108,5,141,Medium,0,1,No,100.0,High Performer
1775,52,Female,Bachelor,Finance,0,12,5,170,Low,0,3,Yes,57.1,Solid Performer
1776,45,Male,High School,Operations,9,77,5,172,High,0,1,Yes,99.8,High Performer
1777,30,Male,Master,Finance,8,110,2,219,Medium,0,2,Yes,82.7,High Performer
1778,24,Female,High School,HR,22,49,5,150,Low,0,3,Yes,100.0,High Performer
1779,52,Male,Bachelor,Marketing,3,57,5,267,Low,0,2,No,83.4,High Performer
1780,58,Male,Bachelor,Sales,5,63,2,267,Low,0,4,No,66.9,Solid Performer
1781,57,Male,Master,IT,15,44,3,170,High,0,1,Yes,82.2,High Performer
1782,45,Female,Bachelor,Finance,1,104,1,265,Low,0,4,No,72.4,High Performer
1783,52,Female,Master,HR,22,65,5,186,Medium,0,4,Yes,100.0,High Performer
1784,27,Male,Bachelor,IT,17,117,1,246,Medium,0,2,No,100.0,High Performer
1785,23,Male,Bachelor,IT,9,98,4,158,Low,0,3,No,95.1,High Performer
1786,41,Male,Bachelor,Operations,23,49,1,220,Low,0,2,No,76.2,High Performer
1787,49,Female,Master,IT,23,86,2,262,Low,1,4,No,100.0,High Performer
1788,32,Female,Master,Marketing,16,77,1,246,Medium,0,3,No,89.4,High Performer
1789,25,Male,High School,HR,12,55,1,188,Low,0,2,No,60.4,Solid Performer
1790,36,Male,Bachelor,HR,23,87,1,212,Low,0,3,No,83.4,High Performer
1791,27,Male,High School,Finance,17,22,3,189,High,0,3,No,81.7,High Performer
1792,51,Female,Bachelor,Finance,21,36,3,220,Low,0,4,No,87.2,High Performer
1793,59,Female,Bachelor,Finance,12,15,4,234,Medium,0,1,No,73.3,High Performer
1794,23,Male,Bachelor,Marketing,16,26,2,151,Medium,0,3,No,74.7,High Performer
1795,36,Male,Bachelor,IT,4,45,1,162,Medium,0,2,Yes,49.0,Needs Improvement
1796,32,Male,Bachelor,IT,10,113,1,193,Medium,0,4,No,98.0,High Performer
1797,29,Other,Bachelor,Operations,6,108,1,257,Low,0,1,Yes,71.9,High Performer
1798,47,Male,Master,Marketing,9,90,1,198,Medium,0,3,Yes,66.1,Solid Performer
1799,26,Female,Bachelor,Finance,16,114,3,142,Medium,0,2,Yes,100.0,High Performer
1800,27,Female,High School,Sales,14,11,4,197,Medium,0,3,No,89.6,High Performer
1801,47,Male,Master,Operations,17,86,5,196,Low,0,4,No,100.0,High Performer
1802,25,Male,Bachelor,Sales,22,61,2,229,High,1,4,No,100.0,High Performer
1803,40,Male,Bachelor,IT,21,75,1,194,Low,1,4,No,93.0,High Performer
1804,41,Female,Bachelor,Operations,18,61,4,184,Medium,0,3,No,100.0,High Performer
1805,54,Female,Bachelor,Operations,1,101,5,140,Medium,0,4,No,92.1,High Performer
1806,41,Female,High School,HR,3,52,4,160,Low,0,3,No,60.5,Solid Performer
1807,33,Female,Bachelor,IT,2,99,3,160,Medium,0,4,No,87.1,High Performer
1808,22,Male,Master,IT,6,31,5,191,Medium,1,3,Yes,78.8,High Performer
1809,47,Other,Bachelor,Marketing,23,116,4,221,High,0,3,No,100.0,High Performer
1810,35,Female,Bachelor,Operations,17,64,3,206,High,0,2,No,100.0,High Performer
1811,59,Male,Bachelor,IT,9,76,4,252,Medium,0,3,No,98.5,High Performer
1812,58,Other,High School,Operations,6,108,4,183,Medium,0,1,No,91.7,High Performer
1813,32,Female,Bachelor,Marketing,7,69,5,149,Low,0,4,No,87.0,High Performer
1814,57,Female,Master,Marketing,5,67,3,203,Medium,0,3,No,79.1,High Performer
1815,34,Female,High School,HR,21,21,1,208,Low,0,4,No,73.7,High Performer
1816,24,Female,Bachelor,Operations,0,97,2,207,Medium,0,1,No,69.1,Solid Performer
1817,54,Female,Bachelor,IT,3,78,5,167,Medium,0,2,Yes,76.6,High Performer
1818,27,Male,Bachelor,IT,13,93,3,255,Medium,0,4,No,100.0,High Performer
1819,31,Male,PhD,Operations,16,112,4,190,Medium,0,2,No,100.0,High Performer
1820,26,Female,High School,Operations,19,48,3,143,High,0,3,No,94.0,High Performer
1821,44,Male,Bachelor,Operations,17,22,2,218,Medium,1,4,No,88.5,High Performer
1822,31,Male,High School,Finance,10,50,2,156,High,0,3,Yes,66.6,Solid Performer
1823,23,Male,PhD,IT,20,66,1,247,Medium,0,2,Yes,89.0,High Performer
1824,34,Male,High School,Marketing,13,62,1,213,Medium,0,4,No,78.4,High Performer
1825,23,Female,Bachelor,IT,8,118,2,162,Medium,0,1,No,82.5,High Performer
1826,41,Female,Master,Finance,14,21,5,157,Low,0,4,Yes,81.3,High Performer
1827,22,Male,Master,Operations,11,22,5,268,High,0,1,Yes,90.7,High Performer
1828,58,Male,Bachelor,HR,9,83,4,174,Medium,1,3,No,100.0,High Performer
1829,30,Male,Bachelor,Operations,18,106,1,203,High,0,1,Yes,96.1,High Performer
1830,38,Female,Bachelor,Operations,23,66,4,198,Medium,1,3,Yes,100.0,High Performer
1831,30,Female,Bachelor,Finance,18,49,1,140,High,1,1,Yes,71.6,High Performer
1832,32,Male,Bachelor,IT,5,89,2,206,Medium,1,4,No,87.2,High Performer
1833,36,Female,Bachelor,Operations,19,54,5,176,Medium,0,3,No,100.0,High Performer
1834,45,Female,Bachelor,IT,23,44,5,168,Low,0,1,Yes,100.0,High Performer
1835,59,Female,Bachelor,Sales,5,12,2,228,Medium,0,3,No,50.5,Needs Improvement
1836,56,Female,Bachelor,Marketing,7,14,4,239,Medium,0,3,Yes,68.3,Solid Performer
1837,51,Male,PhD,IT,0,99,4,261,Low,0,2,Yes,92.3,High Performer
1838,52,Female,Bachelor,HR,21,20,3,229,High,0,1,Yes,90.6,High Performer
1839,26,Male,High School,Marketing,16,80,1,153,Medium,0,3,Yes,73.1,High Performer
1840,35,Female,High School,HR,16,65,4,224,High,1,1,Yes,100.0,High Performer
1841,32,Female,PhD,Operations,23,19,2,160,High,0,1,Yes,79.2,High Performer
1842,30,Female,Bachelor,Marketing,14,115,4,165,Medium,0,2,No,100.0,High Performer
1843,55,Female,High School,IT,6,43,5,180,High,0,3,No,89.5,High Performer
1844,33,Male,Bachelor,Marketing,18,76,1,261,Medium,0,3,No,84.7,High Performer
1845,56,Female,Bachelor,Operations,21,81,3,177,High,0,1,No,93.1,High Performer
1846,56,Other,Bachelor,Finance,24,40,1,227,Medium,1,4,Yes,88.4,High Performer
1847,22,Female,Bachelor,HR,22,84,5,150,Medium,0,4,No,100.0,High Performer
1848,43,Male,High School,Operations,2,118,5,168,Medium,0,2,Yes,91.3,High Performer
1849,50,Male,PhD,Finance,21,80,5,199,Medium,0,1,No,100.0,High Performer
1850,29,Male,Bachelor,Marketing,10,118,5,200,Medium,0,4,Yes,100.0,High Performer
1851,32,Female,Bachelor,Marketing,19,75,2,161,Medium,0,3,No,93.9,High Performer
1852,58,Female,Master,Operations,18,79,3,217,Medium,0,2,No,100.0,High Performer
1853,35,Male,Bachelor,IT,8,50,5,252,High,0,3,Yes,99.1,High Performer
1854,51,Female,Bachelor,Marketing,9,72,5,262,Medium,0,4,No,98.4,High Performer
1855,56,Female,Bachelor,IT,1,41,4,183,Medium,0,2,Yes,73.9,High Performer
1856,42,Female,Bachelor,IT,0,29,3,236,Medium,0,4,No,71.1,High Performer
1857,58,Female,Master,IT,15,66,1,216,Medium,1,3,No,80.1,High Performer
1858,26,Female,Master,Sales,17,107,3,194,High,0,3,Yes,100.0,High Performer
1859,40,Female,High School,Finance,22,59,3,190,Medium,0,4,Yes,100.0,High Performer
1860,35,Male,High School,Finance,16,89,3,241,Low,0,1,Yes,87.9,High Performer
1861,47,Female,Master,Marketing,5,34,5,168,Medium,1,3,No,81.5,High Performer
1862,25,Female,Master,Marketing,13,21,5,208,Medium,1,3,Yes,88.1,High Performer
1863,46,Female,Master,IT,22,80,2,219,High,0,3,No,100.0,High Performer
1864,46,Female,Bachelor,Sales,24,48,1,170,Medium,0,2,No,89.7,High Performer
1865,39,Female,Bachelor,IT,14,26,4,251,High,0,2,Yes,84.9,High Performer
1866,29,Male,Master,Sales,13,54,3,185,Medium,0,1,No,78.8,High Performer
1867,35,Male,Bachelor,IT,23,20,1,236,High,0,2,No,83.8,High Performer
1868,53,Male,Bachelor,HR,21,79,1,191,Low,0,2,Yes,84.7,High Performer
1869,59,Male,High School,HR,2,32,2,213,High,0,3,No,53.8,Needs Improvement
1870,54,Female,Bachelor,Operations,23,100,4,180,High,1,1,No,100.0,High Performer
1871,44,Other,Bachelor,IT,22,119,3,216,High,0,3,No,100.0,High Performer
1872,36,Male,Bachelor,Marketing,18,79,4,253,Low,0,2,Yes,100.0,High Performer
1873,54,Male,PhD,Finance,24,47,2,191,Low,0,1,Yes,78.1,High Performer
1874,46,Female,Bachelor,Operations,11,11,5,226,Medium,0,2,No,86.8,High Performer
1875,38,Male,Master,Marketing,1,95,1,248,Low,0,2,No,59.3,Solid Performer
1876,54,Female,High School,HR,2,93,3,208,Low,0,3,No,78.3,High Performer
1877,23,Female,Bachelor,IT,17,98,5,259,Low,0,2,Yes,100.0,High Performer
1878,35,Female,PhD,Operations,0,88,2,206,Medium,0,4,No,74.9,High Performer
1879,27,Male,High School,IT,19,102,4,200,Medium,0,4,No,100.0,High Performer
1880,27,Male,High School,HR,20,81,1,210,Low,0,3,Yes,75.0,High Performer
1881,24,Female,Bachelor,Operations,5,46,3,169,Low,0,4,Yes,69.3,Solid Performer
1882,28,Female,High School,HR,4,58,5,235,Medium,0,1,No,83.7,High Performer
1883,29,Male,Master,Sales,0,61,5,195,Medium,0,3,No,71.2,High Performer
1884,36,Female,Master,HR,18,42,1,192,Low,0,3,No,65.3,Solid Performer
1885,50,Male,Bachelor,IT,0,31,4,146,Medium,0,2,No,59.2,Solid Performer
1886,54,Female,Bachelor,Finance,20,14,2,236,High,0,1,No,76.9,High Performer
1887,51,Male,Bachelor,HR,20,112,4,252,High,0,2,Yes,100.0,High Performer
1888,48,Female,Master,Marketing,15,27,4,264,High,0,3,No,77.1,High Performer
1889,57,Male,High School,Finance,11,47,4,260,High,1,3,No,98.0,High Performer
1890,50,Male,Bachelor,Sales,21,46,1,177,Medium,0,2,No,82.9,High Performer
1891,59,Male,Bachelor,Operations,7,103,1,261,Medium,0,3,Yes,85.5,High Performer
1892,54,Male,Bachelor,Operations,15,104,2,165,Medium,0,3,No,94.3,High Performer
1893,58,Female,Bachelor,Finance,0,73,4,268,Medium,0,4,No,96.3,High Performer
1894,48,Other,Master,Operations,3,19,1,143,Medium,0,1,Yes,21.2,Needs Improvement
1895,54,Male,High School,HR,9,88,2,178,Medium,0,4,Yes,77.6,High Performer
1896,25,Male,High School,Finance,10,51,2,193,Medium,0,3,No,77.4,High Performer
1897,43,Female,Master,IT,16,57,4,172,Low,0,3,Yes,93.2,High Performer
1898,23,Female,Master,HR,24,53,3,159,Medium,1,3,No,100.0,High Performer
1899,31,Female,High School,HR,22,91,4,155,Low,0,3,No,100.0,High Performer
1900,26,Male,Bachelor,HR,6,96,3,266,Low,0,2,Yes,74.8,High Performer
1901,31,Male,Bachelor,IT,11,106,2,226,Low,0,3,No,86.0,High Performer
1902,54,Female,Bachelor,Sales,20,25,1,221,Medium,1,4,No,75.4,High Performer
1903,59,Male,Bachelor,Marketing,6,63,5,201,Low,0,3,No,88.9,High Performer
1904,34,Female,High School,Operations,11,111,2,170,High,0,1,No,92.4,High Performer
1905,52,Male,Bachelor,Finance,14,44,1,181,Medium,1,1,No,61.0,Solid Performer
1906,57,Female,Master,Sales,1,107,2,151,Medium,0,4,Yes,72.6,High Performer
1907,45,Male,Bachelor,Finance,13,37,4,204,Medium,0,1,Yes,63.4,Solid Performer
1908,36,Female,Bachelor,Operations,12,11,3,212,Medium,0,1,Yes,62.0,Solid Performer
1909,50,Female,High School,IT,3,103,2,254,Medium,0,2,Yes,79.5,High Performer
1910,29,Female,PhD,HR,13,22,1,245,Medium,1,4,No,65.2,Solid Performer
1911,26,Male,Master,HR,13,50,4,155,Medium,0,2,No,82.7,High Performer
1912,50,Female,Master,IT,15,89,5,217,High,1,3,No,100.0,High Performer
1913,25,Female,Master,Sales,6,68,4,264,High,1,3,Yes,97.2,High Performer
1914,33,Female,Master,Sales,18,78,3,269,Medium,0,1,No,100.0,High Performer
1915,23,Female,Bachelor,Finance,1,101,4,251,Low,0,4,No,87.2,High Performer
1916,48,Female,Bachelor,IT,9,62,5,266,Medium,0,3,Yes,93.3,High Performer
1917,52,Female,Bachelor,Sales,17,112,1,160,Medium,0,3,No,94.7,High Performer
1918,57,Male,Master,IT,16,54,2,228,Medium,0,4,No,82.0,High Performer
1919,57,Female,Master,Operations,4,29,3,186,High,0,4,No,69.0,Solid Performer
1920,47,Female,Bachelor,HR,11,33,5,224,Medium,0,3,Yes,82.1,High Performer
1921,48,Male,High School,HR,5,70,3,267,High,0,2,No,86.6,High Performer
1922,26,Male,Bachelor,HR,21,100,4,211,Low,0,4,Yes,100.0,High Performer
1923,41,Male,Master,IT,8,103,3,181,Low,1,3,Yes,91.8,High Performer
1924,32,Female,Bachelor,IT,19,67,5,148,Low,0,4,No,100.0,High Performer
1925,31,Female,Bachelor,Finance,0,118,2,164,High,1,4,No,93.9,High Performer
1926,59,Female,Bachelor,HR,21,36,2,141,High,0,1,No,82.2,High Performer
1927,27,Female,Bachelor,Finance,14,35,3,158,Medium,0,4,No,74.5,High Performer
1928,29,Male,Master,HR,20,16,1,159,Medium,0,2,No,71.7,High Performer
1929,44,Male,Bachelor,Finance,5,51,3,209,Medium,0,3,Yes,74.9,High Performer
1930,47,Male,Master,Finance,18,56,4,156,High,0,1,No,98.3,High Performer
1931,33,Male,Bachelor,Operations,17,62,2,263,High,0,4,Yes,92.9,High Performer
1932,47,Male,Bachelor,Finance,5,68,2,228,Medium,0,3,Yes,63.7,Solid Performer
1933,34,Male,Bachelor,IT,12,47,2,233,Medium,0,3,No,86.1,High Performer
1934,39,Female,Master,Finance,0,78,1,223,Low,0,4,No,62.3,Solid Performer
1935,46,Female,Bachelor,HR,22,96,1,226,Medium,0,3,No,97.4,High Performer
1936,54,Other,Bachelor,Finance,22,101,5,190,Medium,0,3,Yes,100.0,High Performer
1937,33,Female,Bachelor,Sales,12,107,3,221,Low,0,4,Yes,100.0,High Performer
1938,57,Female,Master,Marketing,6,62,3,147,High,1,3,Yes,81.0,High Performer
1939,25,Male,High School,HR,14,24,4,260,Medium,1,4,Yes,89.9,High Performer
1940,26,Female,Master,Sales,11,105,2,143,High,1,4,Yes,94.0,High Performer
1941,58,Female,Bachelor,HR,0,35,1,225,Low,0,2,No,40.9,Needs Improvement
1942,29,Male,Bachelor,IT,14,57,4,267,Medium,0,3,No,97.4,High Performer
1943,49,Male,High School,Marketing,3,104,4,249,Medium,0,2,Yes,88.1,High Performer
1944,52,Female,Bachelor,Marketing,12,28,1,238,Low,0,3,No,57.3,Solid Performer
1945,30,Male,Bachelor,IT,22,18,3,176,Medium,0,2,Yes,75.3,High Performer
1946,50,Female,High School,Marketing,24,73,2,210,Low,0,4,No,100.0,High Performer
1947,35,Female,Bachelor,IT,4,102,3,172,Low,0,1,Yes,77.5,High Performer
1948,43,Male,Master,Sales,1,63,4,170,Low,0,1,No,65.6,Solid Performer
1949,32,Male,High School,Operations,22,60,2,264,Low,0,2,No,85.7,High Performer
1950,44,Male,Master,HR,0,48,5,151,Medium,0,1,No,65.5,Solid Performer
1951,22,Male,Bachelor,IT,15,13,4,150,Low,0,3,Yes,66.4,Solid Performer
1952,58,Male,Bachelor,HR,22,12,3,227,Medium,0,1,No,74.5,High Performer
1953,42,Female,Bachelor,Sales,5,73,3,211,Medium,0,2,Yes,75.4,High Performer
1954,47,Male,High School,Operations,22,38,3,171,Medium,1,1,Yes,85.0,High Performer
1955,57,Female,High School,Sales,15,20,1,196,High,0,4,Yes,62.5,Solid Performer
1956,44,Male,High School,Marketing,13,106,4,225,Medium,0,4,No,100.0,High Performer
1957,22,Female,High School,HR,2,111,2,158,Medium,1,2,No,86.5,High Performer
1958,36,Male,Bachelor,Operations,14,67,3,255,Low,0,3,Yes,81.9,High Performer
1959,42,Male,Master,Marketing,2,84,3,153,Medium,0,3,No,83.7,High Performer
1960,30,Female,Master,Operations,22,36,1,172,High,0,2,No,78.3,High Performer
1961,30,Female,Bachelor,Marketing,1,106,2,149,Medium,0,3,No,68.3,Solid Performer
1962,31,Male,High School,Sales,0,30,4,219,Low,0,2,Yes,56.0,Solid Performer
1963,47,Female,Bachelor,IT,8,48,5,203,Medium,0,4,No,99.1,High Performer
1964,56,Male,Bachelor,HR,8,104,1,207,Medium,0,1,No,70.3,High Performer
1965,46,Female,Bachelor,Finance,22,111,4,231,Medium,0,4,No,100.0,High Performer
1966,47,Male,Bachelor,Finance,6,55,5,264,Medium,1,1,No,94.3,High Performer
1967,32,Male,Bachelor,Sales,2,75,3,219,Low,0,3,No,72.4,High Performer
1968,59,Female,Bachelor,HR,17,100,3,198,High,0,4,Yes,100.0,High Performer
1969,23,Female,Bachelor,HR,10,45,2,236,Low,1,1,Yes,67.4,Solid Performer
1970,28,Male,Master,Sales,6,84,5,158,Low,0,3,Yes,88.0,High Performer
1971,39,Female,Master,HR,8,91,3,161,Medium,0,2,No,82.9,High Performer
1972,48,Female,Bachelor,IT,0,74,3,148,Low,0,3,Yes,51.1,Needs Improvement
1973,55,Male,Master,Sales,13,72,2,148,Low,0,2,No,64.7,Solid Performer
1974,48,Female,PhD,IT,19,108,4,166,Low,0,1,No,100.0,High Performer
1975,38,Male,Bachelor,HR,5,44,3,156,Medium,0,3,No,67.3,Solid Performer
1976,45,Female,Bachelor,Sales,6,40,1,184,High,0,3,No,64.2,Solid Performer
1977,46,Female,Bachelor,HR,9,37,1,147,High,0,3,No,67.4,Solid Performer
1978,28,Female,Master,Sales,6,112,4,264,Medium,0,2,No,100.0,High Performer
1979,27,Male,Master,HR,1,10,5,262,Low,1,2,No,71.9,High Performer
1980,45,Male,High School,IT,3,34,2,172,Medium,0,3,Yes,47.2,Needs Improvement
1981,54,Male,Bachelor,IT,20,52,1,140,Medium,0,3,No,77.9,High Performer
1982,50,Male,Bachelor,HR,16,111,1,145,Medium,0,2,No,89.2,High Performer
1983,43,Male,Bachelor,Sales,0,93,4,180,Low,0,2,No,86.2,High Performer
1984,47,Female,High School,Finance,9,76,5,144,Low,0,2,No,84.7,High Performer
1985,49,Male,Master,IT,18,72,5,219,Medium,0,2,No,100.0,High Performer
1986,42,Male,Bachelor,IT,14,60,4,157,Medium,0,2,Yes,84.4,High Performer
1987,28,Female,Master,Marketing,9,11,1,221,High,0,2,No,51.2,Needs Improvement
1988,38,Male,Master,Finance,18,91,2,204,Medium,0,3,Yes,94.0,High Performer
1989,41,Female,Master,HR,11,117,1,222,Low,0,3,Yes,82.5,High Performer
1990,41,Male,Bachelor,Sales,23,73,5,164,Medium,1,2,No,100.0,High Performer
1991,43,Female,Bachelor,Marketing,15,83,1,208,Medium,0,2,No,92.4,High Performer
1992,49,Male,High School,HR,8,78,2,221,Low,0,2,Yes,71.8,High Performer
1993,28,Male,Bachelor,Operations,14,18,3,256,Low,0,3,No,67.6,Solid Performer
1994,22,Female,High School,IT,16,11,1,234,Low,0,4,No,59.7,Solid Performer
1995,53,Male,Bachelor,Operations,13,43,4,172,Low,0,3,No,84.9,High Performer
1996,34,Female,Bachelor,IT,17,69,3,250,Medium,0,3,No,98.1,High Performer
1997,51,Male,High School,IT,1,111,4,264,High,0,4,No,100.0,High Performer
1998,44,Male,High School,Operations,3,70,4,155,Medium,1,2,Yes,78.7,High Performer
1999,40,Female,High School,Operations,17,40,4,219,Medium,0,1,No,94.4,High Performer
2000,53,Male,Master,HR,6,19,1,177,Medium,1,3,Yes,50.5,Needs Improvement
2001,51,Female,Master,Marketing,12,85,5,217,Medium,0,2,Yes,100.0,High Performer
2002,50,Other,Bachelor,Marketing,14,45,3,202,Low,0,3,No,83.0,High Performer
2003,50,Female,High School,Operations,24,94,2,251,Medium,0,3,No,100.0,High Performer
2004,51,Female,High School,HR,22,58,5,228,Medium,0,4,Yes,100.0,High Performer
2005,37,Male,High School,Marketing,21,79,1,177,Low,0,2,Yes,77.2,High Performer
2006,40,Male,High School,HR,0,58,4,191,Medium,0,3,No,71.0,High Performer
2007,39,Male,Master,HR,10,12,2,168,Medium,0,3,No,58.0,Solid Performer
2008,22,Female,Bachelor,IT,9,83,3,215,Medium,0,4,No,83.7,High Performer
2009,35,Other,Bachelor,Marketing,24,14,5,203,Low,1,4,Yes,100.0,High Performer
2010,23,Male,High School,Marketing,4,119,5,230,Medium,0,4,No,100.0,High Performer
2011,49,Female,Bachelor,IT,15,99,2,228,Medium,1,1,Yes,95.7,High Performer
2012,51,Male,Bachelor,Operations,10,70,1,152,Low,0,3,Yes,61.6,Solid Performer
2013,59,Female,Bachelor,IT,20,94,3,211,Low,1,2,No,100.0,High Performer
2014,25,Male,Bachelor,Marketing,5,118,2,144,Medium,0,1,No,83.3,High Performer
2015,22,Other,High School,Marketing,8,99,4,151,Low,0,4,Yes,93.0,High Performer
2016,29,Female,Bachelor,Operations,12,111,3,142,Medium,0,4,Yes,89.2,High Performer
2017,50,Male,Bachelor,IT,23,117,5,172,Medium,0,2,No,100.0,High Performer
2018,24,Male,Bachelor,Sales,7,35,2,260,Low,0,1,Yes,48.9,Needs Improvement
2019,53,Male,PhD,Sales,13,81,5,189,Low,0,2,Yes,100.0,High Performer
2020,31,Male,Bachelor,Operations,23,14,5,168,Medium,0,4,Yes,100.0,High Performer
2021,31,Male,Bachelor,IT,0,24,5,178,Low,0,2,Yes,58.9,Solid Performer
2022,40,Female,Bachelor,IT,16,25,1,230,Low,0,1,Yes,64.0,Solid Performer
2023,55,Female,Bachelor,HR,23,10,5,239,Medium,0,1,No,94.0,High Performer
2024,54,Female,Bachelor,Marketing,4,25,4,156,Medium,0,3,No,63.5,Solid Performer
2025,44,Male,Bachelor,Finance,24,46,4,195,Medium,1,4,No,100.0,High Performer
2026,49,Female,Master,Operations,1,12,3,185,Low,0,2,No,45.9,Needs Improvement
2027,53,Female,High School,Finance,24,61,5,206,Medium,0,3,No,100.0,High Performer
2028,28,Male,Bachelor,Finance,23,56,5,206,Medium,1,1,No,100.0,High Performer
2029,50,Female,Bachelor,Operations,8,104,2,162,High,0,3,No,91.4,High Performer
2030,29,Female,Master,IT,3,22,1,233,Medium,0,3,Yes,35.4,Needs Improvement
2031,22,Male,Bachelor,Operations,16,89,3,193,Low,0,2,No,100.0,High Performer
2032,24,Male,Bachelor,Finance,16,64,5,216,Medium,0,2,No,100.0,High Performer
2033,45,Female,High School,Marketing,20,116,2,155,Medium,0,4,No,100.0,High Performer
2034,44,Male,Bachelor,Marketing,17,30,1,180,Medium,0,1,No,64.7,Solid Performer
2035,29,Female,High School,Marketing,15,75,3,237,High,0,3,No,100.0,High Performer
2036,58,Female,Bachelor,IT,7,63,3,267,Medium,0,2,No,79.8,High Performer
2037,24,Female,High School,Sales,10,36,5,200,Low,0,2,Yes,77.9,High Performer
2038,54,Male,Bachelor,Operations,20,47,3,225,Medium,1,3,Yes,95.4,High Performer
2039,49,Male,Bachelor,Marketing,20,99,2,257,Low,0,4,No,100.0,High Performer
2040,29,Female,Bachelor,Operations,17,67,3,239,Medium,1,3,Yes,93.9,High Performer
2041,55,Female,Master,Marketing,22,71,4,188,Medium,1,1,Yes,100.0,High Performer
2042,56,Male,Bachelor,IT,23,111,2,141,Medium,0,3,Yes,100.0,High Performer
2043,53,Female,Bachelor,Sales,9,55,1,259,Low,0,3,Yes,51.4,Needs Improvement
2044,45,Female,Bachelor,Sales,12,98,1,262,Medium,0,3,No,83.7,High Performer
2045,35,Male,High School,Marketing,16,20,5,225,Medium,1,3,Yes,90.3,High Performer
2046,53,Male,Master,IT,17,81,5,216,Medium,0,1,Yes,100.0,High Performer
2047,37,Female,High School,HR,9,17,4,198,Low,1,3,Yes,70.5,High Performer
2048,25,Male,Bachelor,Operations,15,106,1,151,Medium,0,3,No,85.0,High Performer
2049,58,Male,Bachelor,Operations,19,80,1,143,Low,0,2,Yes,80.4,High Performer
2050,42,Male,Bachelor,Finance,4,73,1,256,Low,0,3,No,67.1,Solid Performer
2051,35,Male,Bachelor,IT,12,111,1,234,Low,0,2,Yes,86.0,High Performer
2052,52,Female,Bachelor,Finance,17,30,3,264,Low,0,2,No,64.5,Solid Performer
2053,39,Female,High School,Marketing,16,81,2,180,Medium,0,4,No,100.0,High Performer
2054,28,Male,Master,Finance,8,72,2,262,High,0,2,Yes,79.0,High Performer
2055,31,Female,Bachelor,Sales,13,94,4,146,Medium,0,2,Yes,98.3,High Performer
2056,28,Female,Master,Operations,16,73,3,208,Low,1,3,No,97.5,High Performer
2057,54,Female,Master,Finance,3,29,1,208,Medium,1,4,No,47.6,Needs Improvement
2058,44,Male,Master,Sales,17,17,1,220,Medium,0,4,No,70.6,High Performer
2059,42,Male,Bachelor,IT,19,67,5,169,Low,0,3,No,100.0,High Performer
2060,40,Other,Bachelor,Finance,23,55,5,212,High,0,1,No,100.0,High Performer
2061,40,Female,Master,Marketing,23,40,4,145,Medium,0,4,No,98.9,High Performer
2062,57,Male,Bachelor,Marketing,14,102,1,228,High,0,3,Yes,83.6,High Performer
2063,50,Male,High School,Marketing,10,18,4,205,Medium,0,2,Yes,67.9,Solid Performer
2064,39,Male,Master,Operations,11,24,3,149,Medium,0,4,No,68.9,Solid Performer
2065,23,Female,Master,Finance,8,103,2,176,Low,1,2,No,87.5,High Performer
2066,22,Female,Bachelor,IT,12,35,1,216,Medium,0,1,No,65.3,Solid Performer
2067,26,Female,High School,Finance,14,19,3,216,Low,0,4,No,76.9,High Performer
2068,41,Male,Bachelor,Operations,14,38,1,171,High,0,3,No,70.3,High Performer
2069,32,Female,Master,Sales,4,89,5,186,Medium,0,2,No,94.6,High Performer
2070,23,Female,Master,Operations,22,45,4,249,High,0,2,No,100.0,High Performer
2071,24,Male,Bachelor,Marketing,18,93,5,259,Medium,0,3,No,100.0,High Performer
2072,44,Female,High School,Sales,19,118,2,149,High,0,2,No,100.0,High Performer
2073,33,Other,Master,Marketing,24,46,5,236,Low,1,2,Yes,100.0,High Performer
2074,41,Male,Bachelor,HR,13,95,1,144,Medium,0,3,Yes,84.9,High Performer
2075,26,Female,Bachelor,Operations,16,80,5,216,Medium,1,4,No,100.0,High Performer
2076,58,Male,PhD,Operations,17,32,1,140,Medium,0,3,No,71.5,High Performer
2077,59,Female,High School,IT,20,50,2,206,Medium,1,4,Yes,84.7,High Performer
2078,51,Female,Bachelor,Finance,2,113,5,154,Low,0,4,Yes,100.0,High Performer
2079,30,Female,High School,Sales,1,102,4,232,Low,0,3,No,95.4,High Performer
2080,55,Female,Bachelor,Sales,0,89,4,169,High,0,2,No,78.6,High Performer
2081,56,Male,Master,IT,9,111,4,242,Medium,0,4,No,100.0,High Performer
2082,43,Female,Bachelor,IT,18,37,5,221,Low,0,3,Yes,97.1,High Performer
2083,45,Female,PhD,Finance,16,57,5,214,Medium,0,1,No,100.0,High Performer
2084,38,Male,Bachelor,Marketing,11,47,5,199,High,0,2,Yes,91.6,High Performer
2085,31,Female,Bachelor,Finance,0,40,1,179,Low,0,4,No,39.6,Needs Improvement
2086,51,Female,Bachelor,Operations,11,23,2,213,High,1,1,No,70.7,High Performer
2087,44,Male,Bachelor,Marketing,16,106,4,260,High,0,1,Yes,100.0,High Performer
2088,53,Female,Bachelor,HR,23,82,1,142,High,0,3,Yes,91.6,High Performer
2089,38,Female,High School,Finance,2,100,4,175,High,0,4,Yes,90.4,High Performer
2090,38,Male,Bachelor,IT,10,97,1,182,Medium,0,3,No,87.2,High Performer
2091,35,Other,Bachelor,Marketing,16,86,5,254,Medium,0,2,Yes,100.0,High Performer
2092,30,Male,Master,Finance,22,99,4,248,Low,0,1,No,100.0,High Performer
2093,23,Male,Bachelor,Sales,2,38,5,229,Low,0,3,No,81.1,High Performer
2094,46,Male,Master,HR,7,60,4,223,Medium,0,1,No,78.1,High Performer
2095,30,Female,High School,Operations,19,58,3,216,Medium,0,3,No,98.4,High Performer
2096,43,Female,Bachelor,Sales,3,52,1,144,Low,0,2,Yes,41.8,Needs Improvement
2097,25,Male,Bachelor,Sales,20,101,3,217,Medium,0,4,No,100.0,High Performer
2098,47,Male,Bachelor,HR,21,101,1,230,Low,0,3,No,95.4,High Performer
2099,50,Female,High School,Operations,6,81,2,226,High,0,2,Yes,83.5,High Performer
2100,55,Male,Master,IT,13,96,4,153,Low,1,4,No,100.0,High Performer
2101,44,Female,Master,Marketing,13,102,2,243,Medium,1,2,No,98.1,High Performer
2102,58,Female,Bachelor,Operations,3,14,2,222,Medium,0,2,Yes,46.7,Needs Improvement
2103,32,Female,High School,Finance,15,51,1,193,Low,0,4,No,75.7,High Performer
2104,27,Other,Master,Sales,23,16,3,234,High,0,2,No,97.0,High Performer
2105,39,Male,Bachelor,Finance,21,51,5,148,Medium,0,3,No,100.0,High Performer
2106,42,Other,Master,IT,0,45,1,192,Medium,0,2,No,52.9,Needs Improvement
2107,57,Female,Master,Finance,16,114,5,216,Low,0,1,Yes,100.0,High Performer
2108,59,Female,Master,Operations,24,36,2,199,Medium,0,1,Yes,80.6,High Performer
2109,55,Male,Bachelor,Finance,9,67,5,185,Low,0,3,No,91.7,High Performer
2110,38,Female,High School,IT,21,55,3,193,Medium,0,3,No,100.0,High Performer
2111,58,Male,Bachelor,IT,15,75,1,213,Medium,0,2,No,74.6,High Performer
2112,46,Male,Bachelor,IT,15,34,3,251,High,0,2,Yes,81.7,High Performer
2113,59,Male,Master,Operations,7,82,3,234,Medium,0,4,No,92.1,High Performer
2114,33,Female,High School,IT,6,36,1,162,Low,0,4,Yes,52.5,Needs Improvement
2115,44,Female,High School,Sales,5,10,3,166,Low,0,3,Yes,53.4,Needs Improvement
2116,43,Female,Master,IT,15,96,4,209,Medium,0,4,Yes,100.0,High Performer
2117,42,Female,Master,Finance,19,83,4,248,Low,0,3,Yes,100.0,High Performer
2118,48,Male,Master,Marketing,15,51,4,216,Low,0,2,Yes,94.8,High Performer
2119,52,Female,Master,Finance,6,61,5,189,High,0,1,Yes,85.3,High Performer
2120,27,Male,Bachelor,Marketing,8,34,3,263,Low,0,1,Yes,58.5,Solid Performer
2121,48,Female,Bachelor,Finance,13,63,1,158,High,0,4,No,79.2,High Performer
2122,55,Female,Master,Operations,10,76,1,140,Low,0,3,No,65.8,Solid Performer
2123,33,Female,Bachelor,Finance,13,15,5,179,High,0,3,Yes,79.6,High Performer
2124,28,Female,Bachelor,Operations,6,67,1,161,Medium,1,1,No,63.1,Solid Performer
2125,31,Male,High School,Operations,0,79,4,251,Medium,1,3,No,91.9,High Performer
2126,38,Male,Bachelor,IT,24,62,3,179,Low,0,4,No,100.0,High Performer
2127,47,Female,Master,Sales,12,75,1,177,High,1,4,Yes,75.1,High Performer
2128,42,Male,Bachelor,Marketing,19,67,1,187,High,0,1,No,83.8,High Performer
2129,49,Male,Bachelor,IT,2,91,2,214,Medium,0,3,No,67.6,Solid Performer
2130,23,Female,Bachelor,IT,19,96,2,246,Medium,0,1,Yes,97.7,High Performer
2131,22,Female,Bachelor,Operations,3,11,2,147,Medium,1,3,No,50.7,Needs Improvement
2132,57,Male,Bachelor,Operations,10,85,3,225,Low,0,3,No,89.7,High Performer
2133,47,Male,Bachelor,Marketing,1,31,4,207,Medium,0,1,No,55.0,Solid Performer
2134,50,Female,Master,Finance,13,46,4,214,High,0,4,Yes,100.0,High Performer
2135,42,Female,Bachelor,Finance,11,29,4,229,Medium,0,1,Yes,74.1,High Performer
2136,32,Male,High School,IT,16,112,3,269,Low,0,4,Yes,100.0,High Performer
2137,32,Male,High School,HR,11,33,3,219,Medium,0,2,No,76.8,High Performer
2138,57,Male,Bachelor,HR,11,93,2,234,Medium,0,3,Yes,87.4,High Performer
2139,56,Male,Bachelor,Finance,0,74,1,209,Low,0,4,No,66.0,Solid Performer
2140,55,Male,Master,HR,12,74,5,229,Low,0,2,Yes,93.0,High Performer
2141,45,Female,Bachelor,Finance,13,90,5,198,Low,0,3,Yes,97.8,High Performer
2142,43,Female,Master,Operations,23,10,1,167,Medium,0,3,Yes,67.7,Solid Performer
2143,26,Female,Bachelor,IT,1,118,2,211,Low,0,2,No,80.0,High Performer
2144,54,Male,Bachelor,Sales,11,103,1,153,Medium,0,3,No,95.6,High Performer
2145,57,Female,Bachelor,IT,20,114,1,163,Medium,0,3,Yes,100.0,High Performer
2146,41,Male,Master,Finance,15,12,5,251,Medium,0,4,No,86.7,High Performer
2147,40,Other,Bachelor,Finance,3,55,2,183,High,0,4,No,69.5,Solid Performer
2148,56,Female,Bachelor,IT,7,64,3,195,Low,1,3,No,73.0,High Performer
2149,38,Male,Bachelor,Marketing,1,84,5,259,Medium,1,3,No,99.1,High Performer
2150,55,Female,High School,Finance,9,97,3,171,High,0,4,Yes,100.0,High Performer
2151,30,Male,Bachelor,HR,8,95,2,164,Low,0,3,Yes,69.7,Solid Performer
2152,47,Female,Bachelor,HR,22,73,1,255,Low,1,1,No,88.9,High Performer
2153,23,Male,Bachelor,Finance,14,117,4,205,High,1,3,Yes,100.0,High Performer
2154,30,Male,Bachelor,Finance,12,54,4,181,High,1,4,No,98.6,High Performer
2155,30,Female,Bachelor,Marketing,22,35,2,215,Medium,0,3,Yes,93.1,High Performer
2156,38,Male,Master,HR,16,86,4,177,Low,0,3,No,95.1,High Performer
2157,22,Female,Master,Finance,15,74,3,200,Medium,0,2,Yes,88.9,High Performer
2158,46,Male,Master,Finance,1,33,4,228,Low,0,4,No,67.0,Solid Performer
2159,46,Female,High School,Marketing,19,83,2,157,Medium,0,3,Yes,92.1,High Performer
2160,56,Female,High School,Marketing,19,44,2,209,Medium,0,3,No,83.5,High Performer
2161,24,Female,Bachelor,IT,13,33,3,221,High,0,1,Yes,83.8,High Performer
2162,58,Male,Bachelor,Marketing,2,37,4,255,Low,0,1,No,50.3,Needs Improvement
2163,51,Male,Bachelor,Sales,22,109,4,219,Medium,0,4,No,100.0,High Performer
2164,59,Male,High School,HR,11,89,1,154,Low,0,4,No,78.6,High Performer
2165,55,Male,Bachelor,IT,7,113,5,152,Medium,0,2,Yes,100.0,High Performer
2166,33,Female,High School,Sales,1,25,2,258,Medium,0,1,No,41.7,Needs Improvement
2167,40,Female,Master,Finance,3,68,1,182,Low,0,2,Yes,53.8,Needs Improvement
2168,58,Female,Bachelor,Finance,13,90,2,196,Medium,0,1,Yes,87.5,High Performer
2169,38,Female,Bachelor,IT,15,63,1,156,Medium,0,2,No,67.6,Solid Performer
2170,31,Female,High School,Marketing,18,88,5,171,High,0,4,No,100.0,High Performer
2171,33,Female,Bachelor,Finance,1,25,1,194,Medium,0,4,No,36.9,Needs Improvement
2172,37,Male,Bachelor,Operations,11,24,2,152,High,0,1,No,62.8,Solid Performer
2173,45,Female,Master,IT,13,107,4,186,Medium,0,3,Yes,100.0,High Performer
2174,40,Female,Master,Sales,5,20,2,226,Low,0,2,No,45.3,Needs Improvement
2175,29,Female,Bachelor,IT,12,74,3,201,Medium,1,1,Yes,98.1,High Performer
2176,52,Male,Master,HR,3,88,3,168,Medium,0,2,No,75.0,High Performer
2177,42,Male,PhD,Marketing,21,99,3,161,Medium,0,3,No,100.0,High Performer
2178,38,Male,Master,Marketing,17,77,3,204,Medium,0,1,No,93.8,High Performer
2179,44,Female,Master,IT,11,52,5,168,Medium,0,3,Yes,100.0,High Performer
2180,58,Female,Bachelor,Finance,19,78,4,187,Low,0,1,No,89.1,High Performer
2181,37,Male,Bachelor,Finance,21,108,4,144,Low,1,2,Yes,100.0,High Performer
2182,27,Other,High School,Operations,20,22,2,240,Medium,0,2,Yes,77.1,High Performer
2183,29,Male,High School,Operations,18,19,1,210,Medium,0,4,Yes,65.2,Solid Performer
2184,46,Male,PhD,Marketing,7,84,2,205,Medium,0,3,No,72.7,High Performer
2185,39,Male,Bachelor,Operations,6,91,2,211,Medium,0,4,Yes,81.0,High Performer
2186,46,Female,Master,Sales,15,107,2,164,Low,0,2,Yes,77.7,High Performer
2187,33,Female,Master,Operations,18,112,2,199,Medium,0,2,Yes,100.0,High Performer
2188,36,Male,Master,Sales,5,50,4,179,Medium,0,2,Yes,69.2,Solid Performer
2189,47,Female,PhD,Operations,19,115,1,146,Medium,0,1,No,90.3,High Performer
2190,47,Male,Bachelor,Marketing,20,59,2,185,Medium,1,3,No,100.0,High Performer
2191,53,Female,High School,Marketing,10,96,4,225,Medium,0,2,Yes,92.3,High Performer
2192,31,Female,Bachelor,Sales,4,80,2,160,Medium,0,2,No,59.9,Solid Performer
2193,37,Female,High School,IT,15,68,3,140,High,0,3,No,91.3,High Performer
2194,28,Male,High School,Marketing,6,48,2,262,Medium,0,3,No,79.8,High Performer
2195,38,Other,Bachelor,IT,4,12,2,264,Medium,0,4,No,50.3,Needs Improvement
2196,44,Female,Master,Finance,10,85,5,172,Medium,0,2,Yes,100.0,High Performer
2197,47,Male,Bachelor,Sales,14,16,3,143,Medium,0,3,No,76.3,High Performer
2198,42,Female,Bachelor,Marketing,2,58,1,142,Medium,0,2,Yes,39.9,Needs Improvement
2199,43,Male,Bachelor,HR,4,35,2,230,Medium,0,4,Yes,53.0,Needs Improvement
2200,28,Female,Bachelor,Finance,22,42,1,191,Medium,0,3,No,81.9,High Performer
